,Location,Month_Date,SPEI_3_PM
1,Ninh Sơn District,01-01-1981,-0.494015685
2,Ninh Sơn District,01-02-1981,-0.494015685
3,Ninh Sơn District,01-03-1981,-1.082699346
4,Ninh Sơn District,01-04-1981,-0.657010966
5,Ninh Sơn District,01-05-1981,-0.614504086
6,Ninh Sơn District,01-06-1981,0.017589744
7,Ninh Sơn District,01-07-1981,0.091080806
8,Ninh Sơn District,01-08-1981,0.271908941
9,Ninh Sơn District,01-09-1981,-0.378104014
10,Ninh Sơn District,01-10-1981,-0.885382367
11,Ninh Sơn District,01-11-1981,-0.854064237
12,Ninh Sơn District,01-12-1981,-0.848971329
13,Ninh Sơn District,01-01-1982,-0.64827083
14,Ninh Sơn District,01-02-1982,-0.796926046
15,Ninh Sơn District,01-03-1982,-0.716589161
16,Ninh Sơn District,01-04-1982,-1.1102827
17,Ninh Sơn District,01-05-1982,-1.559445815
18,Ninh Sơn District,01-06-1982,-1.799574657
19,Ninh Sơn District,01-07-1982,-1.820916172
20,Ninh Sơn District,01-08-1982,-2.059622256
21,Ninh Sơn District,01-09-1982,-1.794645316
22,Ninh Sơn District,01-10-1982,-1.790864531
23,Ninh Sơn District,01-11-1982,-1.61067441
24,Ninh Sơn District,01-12-1982,-1.724933937
25,Ninh Sơn District,01-01-1983,-1.576632442
26,Ninh Sơn District,01-02-1983,-1.548797923
27,Ninh Sơn District,01-03-1983,-1.190291784
28,Ninh Sơn District,01-04-1983,-1.193550938
29,Ninh Sơn District,01-05-1983,-1.481128724
30,Ninh Sơn District,01-06-1983,-1.389275538
31,Ninh Sơn District,01-07-1983,-1.414729035
32,Ninh Sơn District,01-08-1983,-0.833360587
33,Ninh Sơn District,01-09-1983,-0.740291291
34,Ninh Sơn District,01-10-1983,-0.481487041
35,Ninh Sơn District,01-11-1983,-1.031443458
36,Ninh Sơn District,01-12-1983,-1.095540676
37,Ninh Sơn District,01-01-1984,-1.365775948
38,Ninh Sơn District,01-02-1984,-1.193312502
39,Ninh Sơn District,01-03-1984,-1.107119721
40,Ninh Sơn District,01-04-1984,-1.122988834
41,Ninh Sơn District,01-05-1984,-1.301556546
42,Ninh Sơn District,01-06-1984,-1.355216879
43,Ninh Sơn District,01-07-1984,-1.38178535
44,Ninh Sơn District,01-08-1984,-1.475921132
45,Ninh Sơn District,01-09-1984,-1.467797426
46,Ninh Sơn District,01-10-1984,-1.201774518
47,Ninh Sơn District,01-11-1984,-1.201118031
48,Ninh Sơn District,01-12-1984,-1.150114927
49,Ninh Sơn District,01-01-1985,-1.390363409
50,Ninh Sơn District,01-02-1985,-1.139059859
51,Ninh Sơn District,01-03-1985,-1.181351016
52,Ninh Sơn District,01-04-1985,-0.361636449
53,Ninh Sơn District,01-05-1985,-1.068334965
54,Ninh Sơn District,01-06-1985,-1.074623704
55,Ninh Sơn District,01-07-1985,-1.473139826
56,Ninh Sơn District,01-08-1985,-1.599093339
57,Ninh Sơn District,01-09-1985,-1.497050988
58,Ninh Sơn District,01-10-1985,-1.522884476
59,Ninh Sơn District,01-11-1985,-1.416793946
60,Ninh Sơn District,01-12-1985,-1.444334586
61,Ninh Sơn District,01-01-1986,-1.244144622
62,Ninh Sơn District,01-02-1986,-1.152088159
63,Ninh Sơn District,01-03-1986,-1.465807996
64,Ninh Sơn District,01-04-1986,-1.440609907
65,Ninh Sơn District,01-05-1986,-1.237705184
66,Ninh Sơn District,01-06-1986,-1.322479938
67,Ninh Sơn District,01-07-1986,-1.200678438
68,Ninh Sơn District,01-08-1986,-1.113009417
69,Ninh Sơn District,01-09-1986,-0.998406302
70,Ninh Sơn District,01-10-1986,-1.251591027
71,Ninh Sơn District,01-11-1986,-1.352566695
72,Ninh Sơn District,01-12-1986,-1.291439867
73,Ninh Sơn District,01-01-1987,-1.215062133
74,Ninh Sơn District,01-02-1987,-1.153213699
75,Ninh Sơn District,01-03-1987,-1.409560053
76,Ninh Sơn District,01-04-1987,-1.502777311
77,Ninh Sơn District,01-05-1987,-1.621364109
78,Ninh Sơn District,01-06-1987,-1.595650492
79,Ninh Sơn District,01-07-1987,-1.587187295
80,Ninh Sơn District,01-08-1987,-1.576013057
81,Ninh Sơn District,01-09-1987,-1.793304974
82,Ninh Sơn District,01-10-1987,-1.903609955
83,Ninh Sơn District,01-11-1987,-1.901520512
84,Ninh Sơn District,01-12-1987,-1.780875995
85,Ninh Sơn District,01-01-1988,-1.586435867
86,Ninh Sơn District,01-02-1988,-1.689422033
87,Ninh Sơn District,01-03-1988,-1.584112778
88,Ninh Sơn District,01-04-1988,-1.570685375
89,Ninh Sơn District,01-05-1988,-1.585623163
90,Ninh Sơn District,01-06-1988,-1.767192355
91,Ninh Sơn District,01-07-1988,-1.802012722
92,Ninh Sơn District,01-08-1988,-1.992554007
93,Ninh Sơn District,01-09-1988,-1.920289615
94,Ninh Sơn District,01-10-1988,-1.485769908
95,Ninh Sơn District,01-11-1988,-0.990955312
96,Ninh Sơn District,01-12-1988,-0.828618956
97,Ninh Sơn District,01-01-1989,-0.872081895
98,Ninh Sơn District,01-02-1989,-1.37811913
99,Ninh Sơn District,01-03-1989,-0.529129615
100,Ninh Sơn District,01-04-1989,-0.317322267
101,Ninh Sơn District,01-05-1989,-0.783513488
102,Ninh Sơn District,01-06-1989,-1.019613756
103,Ninh Sơn District,01-07-1989,-1.045069371
104,Ninh Sơn District,01-08-1989,-1.145885083
105,Ninh Sơn District,01-09-1989,-1.522665321
106,Ninh Sơn District,01-10-1989,-1.477555951
107,Ninh Sơn District,01-11-1989,-1.38587116
108,Ninh Sơn District,01-12-1989,-1.225473013
109,Ninh Sơn District,01-01-1990,-1.349478109
110,Ninh Sơn District,01-02-1990,-1.520831242
111,Ninh Sơn District,01-03-1990,-1.534369466
112,Ninh Sơn District,01-04-1990,-1.031308732
113,Ninh Sơn District,01-05-1990,-1.097950158
114,Ninh Sơn District,01-06-1990,-0.904967926
115,Ninh Sơn District,01-07-1990,-0.959730841
116,Ninh Sơn District,01-08-1990,-0.585141031
117,Ninh Sơn District,01-09-1990,-0.210054197
118,Ninh Sơn District,01-10-1990,0.004583608
119,Ninh Sơn District,01-11-1990,-0.053059979
120,Ninh Sơn District,01-12-1990,-0.272942564
121,Ninh Sơn District,01-01-1991,-0.339176949
122,Ninh Sơn District,01-02-1991,-0.422154243
123,Ninh Sơn District,01-03-1991,0.766885692
124,Ninh Sơn District,01-04-1991,1.124658608
125,Ninh Sơn District,01-05-1991,0.295516886
126,Ninh Sơn District,01-06-1991,-0.178491272
127,Ninh Sơn District,01-07-1991,0.176043095
128,Ninh Sơn District,01-08-1991,0.34597128
129,Ninh Sơn District,01-09-1991,0.055328163
130,Ninh Sơn District,01-10-1991,-0.507284362
131,Ninh Sơn District,01-11-1991,-0.659205915
132,Ninh Sơn District,01-12-1991,-0.704659382
133,Ninh Sơn District,01-01-1992,-0.814760393
134,Ninh Sơn District,01-02-1992,-0.354799448
135,Ninh Sơn District,01-03-1992,-0.195496731
136,Ninh Sơn District,01-04-1992,-0.716414722
137,Ninh Sơn District,01-05-1992,-1.014122564
138,Ninh Sơn District,01-06-1992,-0.754485088
139,Ninh Sơn District,01-07-1992,-0.651092275
140,Ninh Sơn District,01-08-1992,0.096421249
141,Ninh Sơn District,01-09-1992,-0.127373089
142,Ninh Sơn District,01-10-1992,0.39408493
143,Ninh Sơn District,01-11-1992,-0.255336067
144,Ninh Sơn District,01-12-1992,-0.207493374
145,Ninh Sơn District,01-01-1993,-0.819349907
146,Ninh Sơn District,01-02-1993,-0.732801918
147,Ninh Sơn District,01-03-1993,-0.626855085
148,Ninh Sơn District,01-04-1993,-0.571925598
149,Ninh Sơn District,01-05-1993,-0.322464275
150,Ninh Sơn District,01-06-1993,0.050294841
151,Ninh Sơn District,01-07-1993,0.042458155
152,Ninh Sơn District,01-08-1993,0.148426724
153,Ninh Sơn District,01-09-1993,-0.382042534
154,Ninh Sơn District,01-10-1993,-0.013243645
155,Ninh Sơn District,01-11-1993,0.03871212
156,Ninh Sơn District,01-12-1993,0.418277842
157,Ninh Sơn District,01-01-1994,0.268855829
158,Ninh Sơn District,01-02-1994,0.437999734
159,Ninh Sơn District,01-03-1994,-0.061127295
160,Ninh Sơn District,01-04-1994,-0.015591093
161,Ninh Sơn District,01-05-1994,-0.035192749
162,Ninh Sơn District,01-06-1994,0.762987775
163,Ninh Sơn District,01-07-1994,0.983457142
164,Ninh Sơn District,01-08-1994,0.837688004
165,Ninh Sơn District,01-09-1994,0.331429928
166,Ninh Sơn District,01-10-1994,0.333831109
167,Ninh Sơn District,01-11-1994,0.055767327
168,Ninh Sơn District,01-12-1994,0.061730708
169,Ninh Sơn District,01-01-1995,-0.233959631
170,Ninh Sơn District,01-02-1995,0.394888636
171,Ninh Sơn District,01-03-1995,-0.128911749
172,Ninh Sơn District,01-04-1995,-0.19633046
173,Ninh Sơn District,01-05-1995,-0.442828943
174,Ninh Sơn District,01-06-1995,-0.730343339
175,Ninh Sơn District,01-07-1995,-0.067785375
176,Ninh Sơn District,01-08-1995,0.242940642
177,Ninh Sơn District,01-09-1995,0.683327906
178,Ninh Sơn District,01-10-1995,0.491799695
179,Ninh Sơn District,01-11-1995,0.257080212
180,Ninh Sơn District,01-12-1995,0.239688151
181,Ninh Sơn District,01-01-1996,0.087934927
182,Ninh Sơn District,01-02-1996,0.428254661
183,Ninh Sơn District,01-03-1996,0.006787773
184,Ninh Sơn District,01-04-1996,-0.076515769
185,Ninh Sơn District,01-05-1996,0.890036435
186,Ninh Sơn District,01-06-1996,0.960650865
187,Ninh Sơn District,01-07-1996,0.689213699
188,Ninh Sơn District,01-08-1996,-0.209357998
189,Ninh Sơn District,01-09-1996,0.16581659
190,Ninh Sơn District,01-10-1996,0.413035943
191,Ninh Sơn District,01-11-1996,1.188446599
192,Ninh Sơn District,01-12-1996,1.190355587
193,Ninh Sơn District,01-01-1997,1.330719945
194,Ninh Sơn District,01-02-1997,0.97000436
195,Ninh Sơn District,01-03-1997,0.354417672
196,Ninh Sơn District,01-04-1997,0.802949546
197,Ninh Sơn District,01-05-1997,0.315659343
198,Ninh Sơn District,01-06-1997,0.183010664
199,Ninh Sơn District,01-07-1997,0.092728796
200,Ninh Sơn District,01-08-1997,0.189714244
201,Ninh Sơn District,01-09-1997,0.153721451
202,Ninh Sơn District,01-10-1997,-0.458188034
203,Ninh Sơn District,01-11-1997,-0.717665961
204,Ninh Sơn District,01-12-1997,-0.83149863
205,Ninh Sơn District,01-01-1998,-0.663868091
206,Ninh Sơn District,01-02-1998,-0.53071262
207,Ninh Sơn District,01-03-1998,-0.645160999
208,Ninh Sơn District,01-04-1998,-0.791191649
209,Ninh Sơn District,01-05-1998,0.163975836
210,Ninh Sơn District,01-06-1998,0.199633875
211,Ninh Sơn District,01-07-1998,0.323378859
212,Ninh Sơn District,01-08-1998,0.310145164
213,Ninh Sơn District,01-09-1998,1.069844095
214,Ninh Sơn District,01-10-1998,1.139005803
215,Ninh Sơn District,01-11-1998,1.61925752
216,Ninh Sơn District,01-12-1998,1.566484209
217,Ninh Sơn District,01-01-1999,1.81169327
218,Ninh Sơn District,01-02-1999,1.467833012
219,Ninh Sơn District,01-03-1999,0.984906356
220,Ninh Sơn District,01-04-1999,1.920581273
221,Ninh Sơn District,01-05-1999,1.976485892
222,Ninh Sơn District,01-06-1999,2.043572677
223,Ninh Sơn District,01-07-1999,1.084621919
224,Ninh Sơn District,01-08-1999,0.844557907
225,Ninh Sơn District,01-09-1999,0.192483927
226,Ninh Sơn District,01-10-1999,0.124461417
227,Ninh Sơn District,01-11-1999,0.309985626
228,Ninh Sơn District,01-12-1999,0.903691481
229,Ninh Sơn District,01-01-2000,1.095757884
230,Ninh Sơn District,01-02-2000,1.223674475
231,Ninh Sơn District,01-03-2000,1.034731631
232,Ninh Sơn District,01-04-2000,0.944356334
233,Ninh Sơn District,01-05-2000,0.852111961
234,Ninh Sơn District,01-06-2000,0.823960076
235,Ninh Sơn District,01-07-2000,0.427408572
236,Ninh Sơn District,01-08-2000,0.057606471
237,Ninh Sơn District,01-09-2000,-0.152411314
238,Ninh Sơn District,01-10-2000,0.541404067
239,Ninh Sơn District,01-11-2000,0.940251518
240,Ninh Sơn District,01-12-2000,1.226465742
241,Ninh Sơn District,01-01-2001,1.153022211
242,Ninh Sơn District,01-02-2001,1.044285327
243,Ninh Sơn District,01-03-2001,1.448286205
244,Ninh Sơn District,01-04-2001,1.194790819
245,Ninh Sơn District,01-05-2001,0.89678913
246,Ninh Sơn District,01-06-2001,-0.077346976
247,Ninh Sơn District,01-07-2001,-0.413088002
248,Ninh Sơn District,01-08-2001,-0.243306365
249,Ninh Sơn District,01-09-2001,0.46236852
250,Ninh Sơn District,01-10-2001,0.56563278
251,Ninh Sơn District,01-11-2001,-0.053527904
252,Ninh Sơn District,01-12-2001,-0.496093028
253,Ninh Sơn District,01-01-2002,-0.703884069
254,Ninh Sơn District,01-02-2002,-0.361574492
255,Ninh Sơn District,01-03-2002,-0.537818409
256,Ninh Sơn District,01-04-2002,-0.080232678
257,Ninh Sơn District,01-05-2002,-0.582033399
258,Ninh Sơn District,01-06-2002,-0.571317307
259,Ninh Sơn District,01-07-2002,-0.894358996
260,Ninh Sơn District,01-08-2002,-0.516203728
261,Ninh Sơn District,01-09-2002,-0.047447911
262,Ninh Sơn District,01-10-2002,0.01039625
263,Ninh Sơn District,01-11-2002,0.283739613
264,Ninh Sơn District,01-12-2002,0.096732046
265,Ninh Sơn District,01-01-2003,0.402776922
266,Ninh Sơn District,01-02-2003,-0.002733828
267,Ninh Sơn District,01-03-2003,-0.238343342
268,Ninh Sơn District,01-04-2003,-0.589424559
269,Ninh Sơn District,01-05-2003,0.501036335
270,Ninh Sơn District,01-06-2003,0.126666141
271,Ninh Sơn District,01-07-2003,0.418845176
272,Ninh Sơn District,01-08-2003,-0.507329046
273,Ninh Sơn District,01-09-2003,-0.541491157
274,Ninh Sơn District,01-10-2003,-0.41111831
275,Ninh Sơn District,01-11-2003,0.007455687
276,Ninh Sơn District,01-12-2003,0.195551937
277,Ninh Sơn District,01-01-2004,-0.022641275
278,Ninh Sơn District,01-02-2004,-0.388161019
279,Ninh Sơn District,01-03-2004,-0.882302425
280,Ninh Sơn District,01-04-2004,-0.992691285
281,Ninh Sơn District,01-05-2004,0.608018286
282,Ninh Sơn District,01-06-2004,0.758744625
283,Ninh Sơn District,01-07-2004,0.528698814
284,Ninh Sơn District,01-08-2004,-0.19012291
285,Ninh Sơn District,01-09-2004,-0.864087551
286,Ninh Sơn District,01-10-2004,-1.174471414
287,Ninh Sơn District,01-11-2004,-1.442761756
288,Ninh Sơn District,01-12-2004,-1.30642457
289,Ninh Sơn District,01-01-2005,-1.313379882
290,Ninh Sơn District,01-02-2005,-1.240292619
291,Ninh Sơn District,01-03-2005,-0.887200994
292,Ninh Sơn District,01-04-2005,-0.923210197
293,Ninh Sơn District,01-05-2005,-0.702895916
294,Ninh Sơn District,01-06-2005,-0.953888788
295,Ninh Sơn District,01-07-2005,-0.731066176
296,Ninh Sơn District,01-08-2005,-0.807321799
297,Ninh Sơn District,01-09-2005,-0.393838803
298,Ninh Sơn District,01-10-2005,-0.021430724
299,Ninh Sơn District,01-11-2005,0.098992864
300,Ninh Sơn District,01-12-2005,0.549108016
301,Ninh Sơn District,01-01-2006,0.493191295
302,Ninh Sơn District,01-02-2006,1.04446846
303,Ninh Sơn District,01-03-2006,0.921210912
304,Ninh Sơn District,01-04-2006,1.060119211
305,Ninh Sơn District,01-05-2006,0.426308512
306,Ninh Sơn District,01-06-2006,-0.095444355
307,Ninh Sơn District,01-07-2006,-0.175084864
308,Ninh Sơn District,01-08-2006,-0.069689096
309,Ninh Sơn District,01-09-2006,-0.140165599
310,Ninh Sơn District,01-10-2006,-0.637410535
311,Ninh Sơn District,01-11-2006,-0.929717759
312,Ninh Sơn District,01-12-2006,-0.809021113
313,Ninh Sơn District,01-01-2007,-0.632605506
314,Ninh Sơn District,01-02-2007,-0.164670174
315,Ninh Sơn District,01-03-2007,-0.400750884
316,Ninh Sơn District,01-04-2007,-0.348509858
317,Ninh Sơn District,01-05-2007,0.413805614
318,Ninh Sơn District,01-06-2007,0.294248107
319,Ninh Sơn District,01-07-2007,0.246333652
320,Ninh Sơn District,01-08-2007,-0.032488465
321,Ninh Sơn District,01-09-2007,-0.065709293
322,Ninh Sơn District,01-10-2007,0.056397786
323,Ninh Sơn District,01-11-2007,0.45238705
324,Ninh Sơn District,01-12-2007,0.287555697
325,Ninh Sơn District,01-01-2008,0.509109347
326,Ninh Sơn District,01-02-2008,0.091864817
327,Ninh Sơn District,01-03-2008,0.866296884
328,Ninh Sơn District,01-04-2008,0.802064416
329,Ninh Sơn District,01-05-2008,0.645842328
330,Ninh Sơn District,01-06-2008,0.460950918
331,Ninh Sơn District,01-07-2008,0.212033231
332,Ninh Sơn District,01-08-2008,-0.096048057
333,Ninh Sơn District,01-09-2008,0.172738158
334,Ninh Sơn District,01-10-2008,-0.150062201
335,Ninh Sơn District,01-11-2008,0.370011137
336,Ninh Sơn District,01-12-2008,0.466131618
337,Ninh Sơn District,01-01-2009,0.820726376
338,Ninh Sơn District,01-02-2009,0.745522294
339,Ninh Sơn District,01-03-2009,0.568678908
340,Ninh Sơn District,01-04-2009,1.553439956
341,Ninh Sơn District,01-05-2009,1.511044329
342,Ninh Sơn District,01-06-2009,1.038146547
343,Ninh Sơn District,01-07-2009,0.121428363
344,Ninh Sơn District,01-08-2009,-0.456154943
345,Ninh Sơn District,01-09-2009,-0.166458322
346,Ninh Sơn District,01-10-2009,-0.473910602
347,Ninh Sơn District,01-11-2009,-0.385841725
348,Ninh Sơn District,01-12-2009,-0.570217321
349,Ninh Sơn District,01-01-2010,-0.008491885
350,Ninh Sơn District,01-02-2010,0.229958158
351,Ninh Sơn District,01-03-2010,0.86437214
352,Ninh Sơn District,01-04-2010,-0.065545913
353,Ninh Sơn District,01-05-2010,-0.772570641
354,Ninh Sơn District,01-06-2010,-0.943104331
355,Ninh Sơn District,01-07-2010,-1.030543503
356,Ninh Sơn District,01-08-2010,-0.854974639
357,Ninh Sơn District,01-09-2010,-0.854119163
358,Ninh Sơn District,01-10-2010,0.823685312
359,Ninh Sơn District,01-11-2010,1.497534921
360,Ninh Sơn District,01-12-2010,1.588138173
361,Ninh Sơn District,01-01-2011,1.148784479
362,Ninh Sơn District,01-02-2011,0.247722278
363,Ninh Sơn District,01-03-2011,0.787778669
364,Ninh Sơn District,01-04-2011,0.522679164
365,Ninh Sơn District,01-05-2011,0.784480372
366,Ninh Sơn District,01-06-2011,0.271871225
367,Ninh Sơn District,01-07-2011,0.409317976
368,Ninh Sơn District,01-08-2011,0.086395911
369,Ninh Sơn District,01-09-2011,0.121296603
370,Ninh Sơn District,01-10-2011,-0.162501251
371,Ninh Sơn District,01-11-2011,-0.242893685
372,Ninh Sơn District,01-12-2011,-0.208476281
373,Ninh Sơn District,01-01-2012,0.02396218
374,Ninh Sơn District,01-02-2012,0.448322753
375,Ninh Sơn District,01-03-2012,1.324060098
376,Ninh Sơn District,01-04-2012,1.675636798
377,Ninh Sơn District,01-05-2012,1.016120767
378,Ninh Sơn District,01-06-2012,0.229063882
379,Ninh Sơn District,01-07-2012,-0.027851319
380,Ninh Sơn District,01-08-2012,-0.096979816
381,Ninh Sơn District,01-09-2012,0.826070031
382,Ninh Sơn District,01-10-2012,0.000956858
383,Ninh Sơn District,01-11-2012,0.07314718
384,Ninh Sơn District,01-12-2012,-0.632131336
385,Ninh Sơn District,01-01-2013,-0.330323125
386,Ninh Sơn District,01-02-2013,-0.132050579
387,Ninh Sơn District,01-03-2013,0.263020754
388,Ninh Sơn District,01-04-2013,0.193709061
389,Ninh Sơn District,01-05-2013,-0.656239127
390,Ninh Sơn District,01-06-2013,-0.371852389
391,Ninh Sơn District,01-07-2013,-0.535236468
392,Ninh Sơn District,01-08-2013,-0.08096334
393,Ninh Sơn District,01-09-2013,-0.2149675
394,Ninh Sơn District,01-10-2013,-0.360675367
395,Ninh Sơn District,01-11-2013,-0.230123841
396,Ninh Sơn District,01-12-2013,-0.401625912
397,Ninh Sơn District,01-01-2014,-0.296153638
398,Ninh Sơn District,01-02-2014,-0.9957138
399,Ninh Sơn District,01-03-2014,-0.935627985
400,Ninh Sơn District,01-04-2014,-0.628599601
401,Ninh Sơn District,01-05-2014,-0.769723994
402,Ninh Sơn District,01-06-2014,-0.611659847
403,Ninh Sơn District,01-07-2014,-0.398793493
404,Ninh Sơn District,01-08-2014,-0.074092218
405,Ninh Sơn District,01-09-2014,-0.475819059
406,Ninh Sơn District,01-10-2014,-0.840057394
407,Ninh Sơn District,01-11-2014,-1.028862152
408,Ninh Sơn District,01-12-2014,-0.592326449
409,Ninh Sơn District,01-01-2015,-0.498493868
410,Ninh Sơn District,01-02-2015,-0.12488471
411,Ninh Sơn District,01-03-2015,-0.954913956
412,Ninh Sơn District,01-04-2015,-0.970774433
413,Ninh Sơn District,01-05-2015,-0.833536652
414,Ninh Sơn District,01-06-2015,-0.807961665
415,Ninh Sơn District,01-07-2015,-0.497828165
416,Ninh Sơn District,01-08-2015,-0.607475744
417,Ninh Sơn District,01-09-2015,-0.655416823
418,Ninh Sơn District,01-10-2015,-0.705548711
419,Ninh Sơn District,01-11-2015,0.322137158
420,Ninh Sơn District,01-12-2015,0.784767318
421,Ninh Sơn District,01-01-2016,1.070424137
422,Ninh Sơn District,01-02-2016,0.788232329
423,Ninh Sơn District,01-03-2016,-0.13643322
424,Ninh Sơn District,01-04-2016,-0.632459314
425,Ninh Sơn District,01-05-2016,0.692245426
426,Ninh Sơn District,01-06-2016,1.364632288
427,Ninh Sơn District,01-07-2016,1.544708403
428,Ninh Sơn District,01-08-2016,1.259176594
429,Ninh Sơn District,01-09-2016,0.913306621
430,Ninh Sơn District,01-10-2016,1.150128968
431,Ninh Sơn District,01-11-2016,1.060657692
432,Ninh Sơn District,01-12-2016,1.884340296
433,Ninh Sơn District,01-01-2017,2.163234705
434,Ninh Sơn District,01-02-2017,2.449846871
435,Ninh Sơn District,01-03-2017,1.970561832
436,Ninh Sơn District,01-04-2017,1.32026763
437,Ninh Sơn District,01-05-2017,1.188968688
438,Ninh Sơn District,01-06-2017,1.163286516
439,Ninh Sơn District,01-07-2017,1.146400877
440,Ninh Sơn District,01-08-2017,1.172109004
441,Ninh Sơn District,01-09-2017,0.713924638
442,Ninh Sơn District,01-10-2017,0.81897322
443,Ninh Sơn District,01-11-2017,0.610669319
444,Ninh Sơn District,01-12-2017,0.80838224
445,Ninh Sơn District,01-01-2018,0.51470224
446,Ninh Sơn District,01-02-2018,0.496375585
447,Ninh Sơn District,01-03-2018,0.531116562
448,Ninh Sơn District,01-04-2018,0.536162405
449,Ninh Sơn District,01-05-2018,0.082563503
450,Ninh Sơn District,01-06-2018,0.440710458
451,Ninh Sơn District,01-07-2018,0.788800446
452,Ninh Sơn District,01-08-2018,1.338930035
453,Ninh Sơn District,01-09-2018,1.647214249
454,Ninh Sơn District,01-10-2018,1.341705022
455,Ninh Sơn District,01-11-2018,1.431918173
456,Ninh Sơn District,01-12-2018,1.016575096
457,Ninh Sơn District,01-01-2019,1.447755581
458,Ninh Sơn District,01-02-2019,1.190615732
459,Ninh Sơn District,01-03-2019,1.430257636
460,Ninh Sơn District,01-04-2019,0.801804339
461,Ninh Sơn District,01-05-2019,0.558179277
462,Ninh Sơn District,01-06-2019,0.539482464
463,Ninh Sơn District,01-07-2019,0.534624275
464,Ninh Sơn District,01-08-2019,1.4116723
465,Ninh Sơn District,01-09-2019,1.936881967
466,Ninh Sơn District,01-10-2019,1.54729981
467,Ninh Sơn District,01-11-2019,0.916396193
468,Ninh Sơn District,01-12-2019,-0.16661834
469,Ninh Sơn District,01-01-2020,0.13649467
470,Ninh Sơn District,01-02-2020,-0.52668416
471,Ninh Sơn District,01-03-2020,-0.243188212
472,Ninh Sơn District,01-04-2020,-0.256497893
473,Ninh Sơn District,01-05-2020,-0.752604875
474,Ninh Sơn District,01-06-2020,-0.050423222
475,Ninh Sơn District,01-07-2020,0.394744869
476,Ninh Sơn District,01-08-2020,1.40422626
477,Ninh Sơn District,01-09-2020,1.037099972
478,Ninh Sơn District,01-10-2020,1.500392419
479,Ninh Sơn District,01-11-2020,1.222401131
480,Ninh Sơn District,01-12-2020,1.215947005
481,Ninh Sơn District,01-01-2021,0.855148096
482,Ninh Sơn District,01-02-2021,0.540102411
483,Ninh Sơn District,01-03-2021,0.171546728
484,Ninh Sơn District,01-04-2021,1.408852787
485,Ninh Sơn District,01-05-2021,1.620749093
486,Ninh Sơn District,01-06-2021,1.689429063
487,Ninh Sơn District,01-07-2021,1.142250196
488,Ninh Sơn District,01-08-2021,0.817657672
489,Ninh Sơn District,01-09-2021,0.977057028
490,Ninh Sơn District,01-10-2021,1.776841232
491,Ninh Sơn District,01-11-2021,1.839441476
492,Ninh Sơn District,01-12-2021,1.534290228
493,Ninh Sơn District,01-01-2022,1.061973625
494,Ninh Sơn District,01-02-2022,0.338890612
495,Ninh Sơn District,01-03-2022,1.865293625
496,Ninh Sơn District,01-04-2022,1.955491301
497,Ninh Sơn District,01-05-2022,1.939562982
498,Ninh Sơn District,01-06-2022,1.296651592
499,Ninh Sơn District,01-07-2022,1.044906537
500,Ninh Sơn District,01-08-2022,1.406498967
501,Ninh Sơn District,01-09-2022,1.445253058
502,Ninh Sơn District,01-10-2022,1.461168026
503,Ninh Sơn District,01-11-2022,0.797710337
504,Ninh Sơn District,01-12-2022,1.040339482
505,Ninh Sơn District,01-01-2023,1.293461123
506,Ninh Sơn District,01-02-2023,1.681932382
507,Ninh Sơn District,01-03-2023,1.438465144
508,Ninh Sơn District,01-04-2023,0.282825987
509,Ninh Sơn District,01-05-2023,0.537252303
510,Ninh Sơn District,01-06-2023,1.06356526
511,Ninh Sơn District,01-07-2023,1.673189699
512,Ninh Sơn District,01-08-2023,1.54967946
513,Ninh Sơn District,01-09-2023,1.485782095
514,Ninh Sơn District,01-10-2023,0.787411489
515,Ninh Sơn District,01-11-2023,0.52987929
516,Ninh Sơn District,01-12-2023,0.122407352
517,Ninh Sơn District,01-01-2024,0.293826409
518,Ninh Sơn District,01-02-2024,0.541979234
519,Ninh Sơn District,01-03-2024,0.432094707
520,Ninh Sơn District,01-04-2024,-0.042584991
521,Ninh Sơn District,01-05-2024,0.365047849
522,Ninh Sơn District,01-06-2024,0.973818346
523,Ninh Sơn District,01-07-2024,2.227590654
524,Ninh Sơn District,01-08-2024,2.325797231
525,Ninh Sơn District,01-09-2024,1.937907545
526,Ninh Sơn District,01-10-2024,0.777484542
527,Ninh Sơn District,01-11-2024,0.075255043
528,Ninh Sơn District,01-12-2024,0.193266803
529,Ninh Sơn District,01-01-2025,0.446891702
530,Ninh Sơn District,01-02-2025,1.376871737
531,Ninh Sơn District,01-03-2025,1.238417455
532,Ninh Sơn District,01-04-2025,1.112250439
533,Ninh Sơn District,01-05-2025,1.237301924
534,Ninh Sơn District,01-06-2025,1.636932447
535,Ninh Sơn District,01-07-2025,1.613181969
536,Ninh Sơn District,01-08-2025,1.075838228
537,Ninh Sơn District,01-09-2025,1.266669768
538,Ninh Sơn District,01-10-2025,1.876906431
539,Ninh Sơn District,01-11-2025,1.981533278
540,Ninh Sơn District,01-12-2025,1.565849325
541,Phan Rang-Tháp Chàm,01-01-1981,-0.494323075
542,Phan Rang-Tháp Chàm,01-02-1981,-0.494323075
543,Phan Rang-Tháp Chàm,01-03-1981,-1.083169588
544,Phan Rang-Tháp Chàm,01-04-1981,-0.657484585
545,Phan Rang-Tháp Chàm,01-05-1981,-0.614340686
546,Phan Rang-Tháp Chàm,01-06-1981,0.017180711
547,Phan Rang-Tháp Chàm,01-07-1981,0.090597937
548,Phan Rang-Tháp Chàm,01-08-1981,0.270750122
549,Phan Rang-Tháp Chàm,01-09-1981,-0.378607309
550,Phan Rang-Tháp Chàm,01-10-1981,-0.885572556
551,Phan Rang-Tháp Chàm,01-11-1981,-0.853878028
552,Phan Rang-Tháp Chàm,01-12-1981,-0.848706764
553,Phan Rang-Tháp Chàm,01-01-1982,-0.648150073
554,Phan Rang-Tháp Chàm,01-02-1982,-0.796785903
555,Phan Rang-Tháp Chàm,01-03-1982,-0.716875272
556,Phan Rang-Tháp Chàm,01-04-1982,-1.109993306
557,Phan Rang-Tháp Chàm,01-05-1982,-1.559041254
558,Phan Rang-Tháp Chàm,01-06-1982,-1.799360648
559,Phan Rang-Tháp Chàm,01-07-1982,-1.820905831
560,Phan Rang-Tháp Chàm,01-08-1982,-2.059532345
561,Phan Rang-Tháp Chàm,01-09-1982,-1.795218005
562,Phan Rang-Tháp Chàm,01-10-1982,-1.791032133
563,Phan Rang-Tháp Chàm,01-11-1982,-1.610704144
564,Phan Rang-Tháp Chàm,01-12-1982,-1.724980723
565,Phan Rang-Tháp Chàm,01-01-1983,-1.576584629
566,Phan Rang-Tháp Chàm,01-02-1983,-1.548076965
567,Phan Rang-Tháp Chàm,01-03-1983,-1.187992921
568,Phan Rang-Tháp Chàm,01-04-1983,-1.189889151
569,Phan Rang-Tháp Chàm,01-05-1983,-1.480525659
570,Phan Rang-Tháp Chàm,01-06-1983,-1.389229733
571,Phan Rang-Tháp Chàm,01-07-1983,-1.4146924
572,Phan Rang-Tháp Chàm,01-08-1983,-0.833649114
573,Phan Rang-Tháp Chàm,01-09-1983,-0.740458679
574,Phan Rang-Tháp Chàm,01-10-1983,-0.481568431
575,Phan Rang-Tháp Chàm,01-11-1983,-1.031539817
576,Phan Rang-Tháp Chàm,01-12-1983,-1.095670219
577,Phan Rang-Tháp Chàm,01-01-1984,-1.365693116
578,Phan Rang-Tháp Chàm,01-02-1984,-1.193695199
579,Phan Rang-Tháp Chàm,01-03-1984,-1.107409632
580,Phan Rang-Tháp Chàm,01-04-1984,-1.122745986
581,Phan Rang-Tháp Chàm,01-05-1984,-1.301164539
582,Phan Rang-Tháp Chàm,01-06-1984,-1.355092922
583,Phan Rang-Tháp Chàm,01-07-1984,-1.381575076
584,Phan Rang-Tháp Chàm,01-08-1984,-1.476037065
585,Phan Rang-Tháp Chàm,01-09-1984,-1.467930093
586,Phan Rang-Tháp Chàm,01-10-1984,-1.202074041
587,Phan Rang-Tháp Chàm,01-11-1984,-1.201150489
588,Phan Rang-Tháp Chàm,01-12-1984,-1.150286959
589,Phan Rang-Tháp Chàm,01-01-1985,-1.390404015
590,Phan Rang-Tháp Chàm,01-02-1985,-1.138855332
591,Phan Rang-Tháp Chàm,01-03-1985,-1.182323473
592,Phan Rang-Tháp Chàm,01-04-1985,-0.363677388
593,Phan Rang-Tháp Chàm,01-05-1985,-1.068801214
594,Phan Rang-Tháp Chàm,01-06-1985,-1.075477615
595,Phan Rang-Tháp Chàm,01-07-1985,-1.473543918
596,Phan Rang-Tháp Chàm,01-08-1985,-1.600048168
597,Phan Rang-Tháp Chàm,01-09-1985,-1.497749092
598,Phan Rang-Tháp Chàm,01-10-1985,-1.523386211
599,Phan Rang-Tháp Chàm,01-11-1985,-1.416847268
600,Phan Rang-Tháp Chàm,01-12-1985,-1.444185991
601,Phan Rang-Tháp Chàm,01-01-1986,-1.244344775
602,Phan Rang-Tháp Chàm,01-02-1986,-1.153432211
603,Phan Rang-Tháp Chàm,01-03-1986,-1.467007702
604,Phan Rang-Tháp Chàm,01-04-1986,-1.441347767
605,Phan Rang-Tháp Chàm,01-05-1986,-1.238751261
606,Phan Rang-Tháp Chàm,01-06-1986,-1.323031468
607,Phan Rang-Tháp Chàm,01-07-1986,-1.201294606
608,Phan Rang-Tháp Chàm,01-08-1986,-1.113340682
609,Phan Rang-Tháp Chàm,01-09-1986,-0.9986379
610,Phan Rang-Tháp Chàm,01-10-1986,-1.25137545
611,Phan Rang-Tháp Chàm,01-11-1986,-1.352484197
612,Phan Rang-Tháp Chàm,01-12-1986,-1.291343454
613,Phan Rang-Tháp Chàm,01-01-1987,-1.215318468
614,Phan Rang-Tháp Chàm,01-02-1987,-1.15367996
615,Phan Rang-Tháp Chàm,01-03-1987,-1.40972242
616,Phan Rang-Tháp Chàm,01-04-1987,-1.503693949
617,Phan Rang-Tháp Chàm,01-05-1987,-1.621371494
618,Phan Rang-Tháp Chàm,01-06-1987,-1.595795124
619,Phan Rang-Tháp Chàm,01-07-1987,-1.58739183
620,Phan Rang-Tháp Chàm,01-08-1987,-1.576231041
621,Phan Rang-Tháp Chàm,01-09-1987,-1.793511904
622,Phan Rang-Tháp Chàm,01-10-1987,-1.903638962
623,Phan Rang-Tháp Chàm,01-11-1987,-1.901692284
624,Phan Rang-Tháp Chàm,01-12-1987,-1.781313496
625,Phan Rang-Tháp Chàm,01-01-1988,-1.587093597
626,Phan Rang-Tháp Chàm,01-02-1988,-1.691350372
627,Phan Rang-Tháp Chàm,01-03-1988,-1.585865833
628,Phan Rang-Tháp Chàm,01-04-1988,-1.573003486
629,Phan Rang-Tháp Chàm,01-05-1988,-1.58601668
630,Phan Rang-Tháp Chàm,01-06-1988,-1.767255196
631,Phan Rang-Tháp Chàm,01-07-1988,-1.801960549
632,Phan Rang-Tháp Chàm,01-08-1988,-1.992142911
633,Phan Rang-Tháp Chàm,01-09-1988,-1.919951115
634,Phan Rang-Tháp Chàm,01-10-1988,-1.485662356
635,Phan Rang-Tháp Chàm,01-11-1988,-0.991111178
636,Phan Rang-Tháp Chàm,01-12-1988,-0.82919459
637,Phan Rang-Tháp Chàm,01-01-1989,-0.873049157
638,Phan Rang-Tháp Chàm,01-02-1989,-1.379048956
639,Phan Rang-Tháp Chàm,01-03-1989,-0.533126055
640,Phan Rang-Tháp Chàm,01-04-1989,-0.319505669
641,Phan Rang-Tháp Chàm,01-05-1989,-0.783387087
642,Phan Rang-Tháp Chàm,01-06-1989,-1.019081139
643,Phan Rang-Tháp Chàm,01-07-1989,-1.044808953
644,Phan Rang-Tháp Chàm,01-08-1989,-1.145626236
645,Phan Rang-Tháp Chàm,01-09-1989,-1.522325609
646,Phan Rang-Tháp Chàm,01-10-1989,-1.477521455
647,Phan Rang-Tháp Chàm,01-11-1989,-1.386072615
648,Phan Rang-Tháp Chàm,01-12-1989,-1.225913963
649,Phan Rang-Tháp Chàm,01-01-1990,-1.350034107
650,Phan Rang-Tháp Chàm,01-02-1990,-1.521276792
651,Phan Rang-Tháp Chàm,01-03-1990,-1.535529117
652,Phan Rang-Tháp Chàm,01-04-1990,-1.034435344
653,Phan Rang-Tháp Chàm,01-05-1990,-1.098814355
654,Phan Rang-Tháp Chàm,01-06-1990,-0.905465651
655,Phan Rang-Tháp Chàm,01-07-1990,-0.959960039
656,Phan Rang-Tháp Chàm,01-08-1990,-0.585792248
657,Phan Rang-Tháp Chàm,01-09-1990,-0.210577615
658,Phan Rang-Tháp Chàm,01-10-1990,0.004321788
659,Phan Rang-Tháp Chàm,01-11-1990,-0.053041566
660,Phan Rang-Tháp Chàm,01-12-1990,-0.272902697
661,Phan Rang-Tháp Chàm,01-01-1991,-0.339103538
662,Phan Rang-Tháp Chàm,01-02-1991,-0.422574434
663,Phan Rang-Tháp Chàm,01-03-1991,0.764379777
664,Phan Rang-Tháp Chàm,01-04-1991,1.123057354
665,Phan Rang-Tháp Chàm,01-05-1991,0.29523438
666,Phan Rang-Tháp Chàm,01-06-1991,-0.178528256
667,Phan Rang-Tháp Chàm,01-07-1991,0.175724905
668,Phan Rang-Tháp Chàm,01-08-1991,0.345273577
669,Phan Rang-Tháp Chàm,01-09-1991,0.055038085
670,Phan Rang-Tháp Chàm,01-10-1991,-0.507277625
671,Phan Rang-Tháp Chàm,01-11-1991,-0.659160341
672,Phan Rang-Tháp Chàm,01-12-1991,-0.704569828
673,Phan Rang-Tháp Chàm,01-01-1992,-0.814457155
674,Phan Rang-Tháp Chàm,01-02-1992,-0.354826512
675,Phan Rang-Tháp Chàm,01-03-1992,-0.196001951
676,Phan Rang-Tháp Chàm,01-04-1992,-0.715648882
677,Phan Rang-Tháp Chàm,01-05-1992,-1.013696348
678,Phan Rang-Tháp Chàm,01-06-1992,-0.754420037
679,Phan Rang-Tháp Chàm,01-07-1992,-0.650882333
680,Phan Rang-Tháp Chàm,01-08-1992,0.096022585
681,Phan Rang-Tháp Chàm,01-09-1992,-0.127262839
682,Phan Rang-Tháp Chàm,01-10-1992,0.39390153
683,Phan Rang-Tháp Chàm,01-11-1992,-0.255418266
684,Phan Rang-Tháp Chàm,01-12-1992,-0.207590308
685,Phan Rang-Tháp Chàm,01-01-1993,-0.818852859
686,Phan Rang-Tháp Chàm,01-02-1993,-0.731987798
687,Phan Rang-Tháp Chàm,01-03-1993,-0.626774638
688,Phan Rang-Tháp Chàm,01-04-1993,-0.571587647
689,Phan Rang-Tháp Chàm,01-05-1993,-0.322110648
690,Phan Rang-Tháp Chàm,01-06-1993,0.050295649
691,Phan Rang-Tháp Chàm,01-07-1993,0.042599941
692,Phan Rang-Tháp Chàm,01-08-1993,0.148132492
693,Phan Rang-Tháp Chàm,01-09-1993,-0.381745393
694,Phan Rang-Tháp Chàm,01-10-1993,-0.013358098
695,Phan Rang-Tháp Chàm,01-11-1993,0.038655066
696,Phan Rang-Tháp Chàm,01-12-1993,0.41797113
697,Phan Rang-Tháp Chàm,01-01-1994,0.268554419
698,Phan Rang-Tháp Chàm,01-02-1994,0.437604525
699,Phan Rang-Tháp Chàm,01-03-1994,-0.060696243
700,Phan Rang-Tháp Chàm,01-04-1994,-0.014947701
701,Phan Rang-Tháp Chàm,01-05-1994,-0.034760041
702,Phan Rang-Tháp Chàm,01-06-1994,0.762954397
703,Phan Rang-Tháp Chàm,01-07-1994,0.983155483
704,Phan Rang-Tháp Chàm,01-08-1994,0.837211042
705,Phan Rang-Tháp Chàm,01-09-1994,0.331335766
706,Phan Rang-Tháp Chàm,01-10-1994,0.333648234
707,Phan Rang-Tháp Chàm,01-11-1994,0.055586062
708,Phan Rang-Tháp Chàm,01-12-1994,0.06169888
709,Phan Rang-Tháp Chàm,01-01-1995,-0.233469138
710,Phan Rang-Tháp Chàm,01-02-1995,0.394672556
711,Phan Rang-Tháp Chàm,01-03-1995,-0.128513128
712,Phan Rang-Tháp Chàm,01-04-1995,-0.196649599
713,Phan Rang-Tháp Chàm,01-05-1995,-0.442723921
714,Phan Rang-Tháp Chàm,01-06-1995,-0.730000055
715,Phan Rang-Tháp Chàm,01-07-1995,-0.067735028
716,Phan Rang-Tháp Chàm,01-08-1995,0.242958165
717,Phan Rang-Tháp Chàm,01-09-1995,0.683329955
718,Phan Rang-Tháp Chàm,01-10-1995,0.491847977
719,Phan Rang-Tháp Chàm,01-11-1995,0.257051941
720,Phan Rang-Tháp Chàm,01-12-1995,0.239533528
721,Phan Rang-Tháp Chàm,01-01-1996,0.08790643
722,Phan Rang-Tháp Chàm,01-02-1996,0.427568961
723,Phan Rang-Tháp Chàm,01-03-1996,0.007312892
724,Phan Rang-Tháp Chàm,01-04-1996,-0.076473809
725,Phan Rang-Tháp Chàm,01-05-1996,0.889673977
726,Phan Rang-Tháp Chàm,01-06-1996,0.960567837
727,Phan Rang-Tháp Chàm,01-07-1996,0.689278766
728,Phan Rang-Tháp Chàm,01-08-1996,-0.208643084
729,Phan Rang-Tháp Chàm,01-09-1996,0.165888534
730,Phan Rang-Tháp Chàm,01-10-1996,0.413152121
731,Phan Rang-Tháp Chàm,01-11-1996,1.18839818
732,Phan Rang-Tháp Chàm,01-12-1996,1.190322143
733,Phan Rang-Tháp Chàm,01-01-1997,1.330656033
734,Phan Rang-Tháp Chàm,01-02-1997,0.970114583
735,Phan Rang-Tháp Chàm,01-03-1997,0.356708731
736,Phan Rang-Tháp Chàm,01-04-1997,0.803500002
737,Phan Rang-Tháp Chàm,01-05-1997,0.31636715
738,Phan Rang-Tháp Chàm,01-06-1997,0.183429188
739,Phan Rang-Tháp Chàm,01-07-1997,0.092980018
740,Phan Rang-Tháp Chàm,01-08-1997,0.189736835
741,Phan Rang-Tháp Chàm,01-09-1997,0.153846092
742,Phan Rang-Tháp Chàm,01-10-1997,-0.457968079
743,Phan Rang-Tháp Chàm,01-11-1997,-0.717389599
744,Phan Rang-Tháp Chàm,01-12-1997,-0.831193819
745,Phan Rang-Tháp Chàm,01-01-1998,-0.663445554
746,Phan Rang-Tháp Chàm,01-02-1998,-0.530187856
747,Phan Rang-Tháp Chàm,01-03-1998,-0.645023522
748,Phan Rang-Tháp Chàm,01-04-1998,-0.791563647
749,Phan Rang-Tháp Chàm,01-05-1998,0.162607101
750,Phan Rang-Tháp Chàm,01-06-1998,0.199010795
751,Phan Rang-Tháp Chàm,01-07-1998,0.323191766
752,Phan Rang-Tháp Chàm,01-08-1998,0.310471801
753,Phan Rang-Tháp Chàm,01-09-1998,1.069803909
754,Phan Rang-Tháp Chàm,01-10-1998,1.138937222
755,Phan Rang-Tháp Chàm,01-11-1998,1.619156565
756,Phan Rang-Tháp Chàm,01-12-1998,1.566370645
757,Phan Rang-Tháp Chàm,01-01-1999,1.811479765
758,Phan Rang-Tháp Chàm,01-02-1999,1.46741371
759,Phan Rang-Tháp Chàm,01-03-1999,0.985317329
760,Phan Rang-Tháp Chàm,01-04-1999,1.92025348
761,Phan Rang-Tháp Chàm,01-05-1999,1.976432939
762,Phan Rang-Tháp Chàm,01-06-1999,2.043467506
763,Phan Rang-Tháp Chàm,01-07-1999,1.084719604
764,Phan Rang-Tháp Chàm,01-08-1999,0.844641384
765,Phan Rang-Tháp Chàm,01-09-1999,0.192886511
766,Phan Rang-Tháp Chàm,01-10-1999,0.124828648
767,Phan Rang-Tháp Chàm,01-11-1999,0.310128112
768,Phan Rang-Tháp Chàm,01-12-1999,0.903591717
769,Phan Rang-Tháp Chàm,01-01-2000,1.095565559
770,Phan Rang-Tháp Chàm,01-02-2000,1.22325414
771,Phan Rang-Tháp Chàm,01-03-2000,1.034754581
772,Phan Rang-Tháp Chàm,01-04-2000,0.944815887
773,Phan Rang-Tháp Chàm,01-05-2000,0.852642198
774,Phan Rang-Tháp Chàm,01-06-2000,0.82451623
775,Phan Rang-Tháp Chàm,01-07-2000,0.427626155
776,Phan Rang-Tháp Chàm,01-08-2000,0.058015806
777,Phan Rang-Tháp Chàm,01-09-2000,-0.152101707
778,Phan Rang-Tháp Chàm,01-10-2000,0.541464041
779,Phan Rang-Tháp Chàm,01-11-2000,0.94018761
780,Phan Rang-Tháp Chàm,01-12-2000,1.226345243
781,Phan Rang-Tháp Chàm,01-01-2001,1.152858945
782,Phan Rang-Tháp Chàm,01-02-2001,1.044073704
783,Phan Rang-Tháp Chàm,01-03-2001,1.447869468
784,Phan Rang-Tháp Chàm,01-04-2001,1.194463475
785,Phan Rang-Tháp Chàm,01-05-2001,0.89687071
786,Phan Rang-Tháp Chàm,01-06-2001,-0.0768258
787,Phan Rang-Tháp Chàm,01-07-2001,-0.412808023
788,Phan Rang-Tháp Chàm,01-08-2001,-0.243156118
789,Phan Rang-Tháp Chàm,01-09-2001,0.462183694
790,Phan Rang-Tháp Chàm,01-10-2001,0.565640767
791,Phan Rang-Tháp Chàm,01-11-2001,-0.053522355
792,Phan Rang-Tháp Chàm,01-12-2001,-0.495811856
793,Phan Rang-Tháp Chàm,01-01-2002,-0.703080824
794,Phan Rang-Tháp Chàm,01-02-2002,-0.360894976
795,Phan Rang-Tháp Chàm,01-03-2002,-0.536941731
796,Phan Rang-Tháp Chàm,01-04-2002,-0.081035017
797,Phan Rang-Tháp Chàm,01-05-2002,-0.582354916
798,Phan Rang-Tháp Chàm,01-06-2002,-0.571448559
799,Phan Rang-Tháp Chàm,01-07-2002,-0.894665779
800,Phan Rang-Tháp Chàm,01-08-2002,-0.516884165
801,Phan Rang-Tháp Chàm,01-09-2002,-0.04836124
802,Phan Rang-Tháp Chàm,01-10-2002,0.010240765
803,Phan Rang-Tháp Chàm,01-11-2002,0.283732139
804,Phan Rang-Tháp Chàm,01-12-2002,0.09692054
805,Phan Rang-Tháp Chàm,01-01-2003,0.402676764
806,Phan Rang-Tháp Chàm,01-02-2003,-0.002394309
807,Phan Rang-Tháp Chàm,01-03-2003,-0.237983813
808,Phan Rang-Tháp Chàm,01-04-2003,-0.588545103
809,Phan Rang-Tháp Chàm,01-05-2003,0.500355276
810,Phan Rang-Tháp Chàm,01-06-2003,0.126514793
811,Phan Rang-Tháp Chàm,01-07-2003,0.418765349
812,Phan Rang-Tháp Chàm,01-08-2003,-0.506709727
813,Phan Rang-Tháp Chàm,01-09-2003,-0.541195927
814,Phan Rang-Tháp Chàm,01-10-2003,-0.411259844
815,Phan Rang-Tháp Chàm,01-11-2003,0.007181131
816,Phan Rang-Tháp Chàm,01-12-2003,0.195218823
817,Phan Rang-Tháp Chàm,01-01-2004,-0.022918818
818,Phan Rang-Tháp Chàm,01-02-2004,-0.38807747
819,Phan Rang-Tháp Chàm,01-03-2004,-0.880775254
820,Phan Rang-Tháp Chàm,01-04-2004,-0.991183406
821,Phan Rang-Tháp Chàm,01-05-2004,0.607270073
822,Phan Rang-Tháp Chàm,01-06-2004,0.758272373
823,Phan Rang-Tháp Chàm,01-07-2004,0.528619981
824,Phan Rang-Tháp Chàm,01-08-2004,-0.189714471
825,Phan Rang-Tháp Chàm,01-09-2004,-0.863462088
826,Phan Rang-Tháp Chàm,01-10-2004,-1.174375713
827,Phan Rang-Tháp Chàm,01-11-2004,-1.442985656
828,Phan Rang-Tháp Chàm,01-12-2004,-1.306904607
829,Phan Rang-Tháp Chàm,01-01-2005,-1.313560769
830,Phan Rang-Tháp Chàm,01-02-2005,-1.239994035
831,Phan Rang-Tháp Chàm,01-03-2005,-0.887617948
832,Phan Rang-Tháp Chàm,01-04-2005,-0.923979641
833,Phan Rang-Tháp Chàm,01-05-2005,-0.703482528
834,Phan Rang-Tháp Chàm,01-06-2005,-0.954036294
835,Phan Rang-Tháp Chàm,01-07-2005,-0.731272649
836,Phan Rang-Tháp Chàm,01-08-2005,-0.80754311
837,Phan Rang-Tháp Chàm,01-09-2005,-0.394139446
838,Phan Rang-Tháp Chàm,01-10-2005,-0.021735099
839,Phan Rang-Tháp Chàm,01-11-2005,0.098999689
840,Phan Rang-Tháp Chàm,01-12-2005,0.5489696
841,Phan Rang-Tháp Chàm,01-01-2006,0.492994037
842,Phan Rang-Tháp Chàm,01-02-2006,1.043507307
843,Phan Rang-Tháp Chàm,01-03-2006,0.920247931
844,Phan Rang-Tháp Chàm,01-04-2006,1.059489577
845,Phan Rang-Tháp Chàm,01-05-2006,0.42674736
846,Phan Rang-Tháp Chàm,01-06-2006,-0.094864523
847,Phan Rang-Tháp Chàm,01-07-2006,-0.174991602
848,Phan Rang-Tháp Chàm,01-08-2006,-0.069916516
849,Phan Rang-Tháp Chàm,01-09-2006,-0.140339454
850,Phan Rang-Tháp Chàm,01-10-2006,-0.637353363
851,Phan Rang-Tháp Chàm,01-11-2006,-0.929495842
852,Phan Rang-Tháp Chàm,01-12-2006,-0.809017507
853,Phan Rang-Tháp Chàm,01-01-2007,-0.632958324
854,Phan Rang-Tháp Chàm,01-02-2007,-0.166412472
855,Phan Rang-Tháp Chàm,01-03-2007,-0.401814991
856,Phan Rang-Tháp Chàm,01-04-2007,-0.348987967
857,Phan Rang-Tháp Chàm,01-05-2007,0.413173496
858,Phan Rang-Tháp Chàm,01-06-2007,0.293846522
859,Phan Rang-Tháp Chàm,01-07-2007,0.246377831
860,Phan Rang-Tháp Chàm,01-08-2007,-0.03245174
861,Phan Rang-Tháp Chàm,01-09-2007,-0.065681336
862,Phan Rang-Tháp Chàm,01-10-2007,0.0562034
863,Phan Rang-Tháp Chàm,01-11-2007,0.452262554
864,Phan Rang-Tháp Chàm,01-12-2007,0.287440041
865,Phan Rang-Tháp Chàm,01-01-2008,0.508969772
866,Phan Rang-Tháp Chàm,01-02-2008,0.091908198
867,Phan Rang-Tháp Chàm,01-03-2008,0.86484388
868,Phan Rang-Tháp Chàm,01-04-2008,0.800907696
869,Phan Rang-Tháp Chàm,01-05-2008,0.645574997
870,Phan Rang-Tháp Chàm,01-06-2008,0.460980731
871,Phan Rang-Tháp Chàm,01-07-2008,0.212294533
872,Phan Rang-Tháp Chàm,01-08-2008,-0.095482906
873,Phan Rang-Tháp Chàm,01-09-2008,0.172913541
874,Phan Rang-Tháp Chàm,01-10-2008,-0.14988288
875,Phan Rang-Tháp Chàm,01-11-2008,0.369842061
876,Phan Rang-Tháp Chàm,01-12-2008,0.466005518
877,Phan Rang-Tháp Chàm,01-01-2009,0.820240137
878,Phan Rang-Tháp Chàm,01-02-2009,0.745121691
879,Phan Rang-Tháp Chàm,01-03-2009,0.569148233
880,Phan Rang-Tháp Chàm,01-04-2009,1.553155513
881,Phan Rang-Tháp Chàm,01-05-2009,1.510945032
882,Phan Rang-Tháp Chàm,01-06-2009,1.038118141
883,Phan Rang-Tháp Chàm,01-07-2009,0.121640923
884,Phan Rang-Tháp Chàm,01-08-2009,-0.45562346
885,Phan Rang-Tháp Chàm,01-09-2009,-0.166405335
886,Phan Rang-Tháp Chàm,01-10-2009,-0.47367187
887,Phan Rang-Tháp Chàm,01-11-2009,-0.385848804
888,Phan Rang-Tháp Chàm,01-12-2009,-0.569885719
889,Phan Rang-Tháp Chàm,01-01-2010,-0.00848221
890,Phan Rang-Tháp Chàm,01-02-2010,0.230094764
891,Phan Rang-Tháp Chàm,01-03-2010,0.863024834
892,Phan Rang-Tháp Chàm,01-04-2010,-0.06539368
893,Phan Rang-Tháp Chàm,01-05-2010,-0.772608793
894,Phan Rang-Tháp Chàm,01-06-2010,-0.94266235
895,Phan Rang-Tháp Chàm,01-07-2010,-1.030074348
896,Phan Rang-Tháp Chàm,01-08-2010,-0.854256827
897,Phan Rang-Tháp Chàm,01-09-2010,-0.853493622
898,Phan Rang-Tháp Chàm,01-10-2010,0.823345475
899,Phan Rang-Tháp Chàm,01-11-2010,1.497387636
900,Phan Rang-Tháp Chàm,01-12-2010,1.588000868
901,Phan Rang-Tháp Chàm,01-01-2011,1.14851443
902,Phan Rang-Tháp Chàm,01-02-2011,0.248242676
903,Phan Rang-Tháp Chàm,01-03-2011,0.786954874
904,Phan Rang-Tháp Chàm,01-04-2011,0.522451753
905,Phan Rang-Tháp Chàm,01-05-2011,0.784132094
906,Phan Rang-Tháp Chàm,01-06-2011,0.272088414
907,Phan Rang-Tháp Chàm,01-07-2011,0.409414574
908,Phan Rang-Tháp Chàm,01-08-2011,0.086872078
909,Phan Rang-Tháp Chàm,01-09-2011,0.121606165
910,Phan Rang-Tháp Chàm,01-10-2011,-0.162233662
911,Phan Rang-Tháp Chàm,01-11-2011,-0.242807787
912,Phan Rang-Tháp Chàm,01-12-2011,-0.208371975
913,Phan Rang-Tháp Chàm,01-01-2012,0.024105398
914,Phan Rang-Tháp Chàm,01-02-2012,0.448030199
915,Phan Rang-Tháp Chàm,01-03-2012,1.322852713
916,Phan Rang-Tháp Chàm,01-04-2012,1.675060995
917,Phan Rang-Tháp Chàm,01-05-2012,1.015951985
918,Phan Rang-Tháp Chàm,01-06-2012,0.229274017
919,Phan Rang-Tháp Chàm,01-07-2012,-0.027966849
920,Phan Rang-Tháp Chàm,01-08-2012,-0.097278648
921,Phan Rang-Tháp Chàm,01-09-2012,0.825742643
922,Phan Rang-Tháp Chàm,01-10-2012,0.000945828
923,Phan Rang-Tháp Chàm,01-11-2012,0.073356648
924,Phan Rang-Tháp Chàm,01-12-2012,-0.631570408
925,Phan Rang-Tháp Chàm,01-01-2013,-0.329865242
926,Phan Rang-Tháp Chàm,01-02-2013,-0.132526685
927,Phan Rang-Tháp Chàm,01-03-2013,0.260992401
928,Phan Rang-Tháp Chàm,01-04-2013,0.192234083
929,Phan Rang-Tháp Chàm,01-05-2013,-0.656047048
930,Phan Rang-Tháp Chàm,01-06-2013,-0.371781154
931,Phan Rang-Tháp Chàm,01-07-2013,-0.534888087
932,Phan Rang-Tháp Chàm,01-08-2013,-0.080782536
933,Phan Rang-Tháp Chàm,01-09-2013,-0.214841669
934,Phan Rang-Tháp Chàm,01-10-2013,-0.360682828
935,Phan Rang-Tháp Chàm,01-11-2013,-0.230135037
936,Phan Rang-Tháp Chàm,01-12-2013,-0.401560529
937,Phan Rang-Tháp Chàm,01-01-2014,-0.296249098
938,Phan Rang-Tháp Chàm,01-02-2014,-0.994211902
939,Phan Rang-Tháp Chàm,01-03-2014,-0.93421724
940,Phan Rang-Tháp Chàm,01-04-2014,-0.627304023
941,Phan Rang-Tháp Chàm,01-05-2014,-0.769182625
942,Phan Rang-Tháp Chàm,01-06-2014,-0.611450437
943,Phan Rang-Tháp Chàm,01-07-2014,-0.399063782
944,Phan Rang-Tháp Chàm,01-08-2014,-0.074403525
945,Phan Rang-Tháp Chàm,01-09-2014,-0.475568834
946,Phan Rang-Tháp Chàm,01-10-2014,-0.839627363
947,Phan Rang-Tháp Chàm,01-11-2014,-1.028651714
948,Phan Rang-Tháp Chàm,01-12-2014,-0.592306449
949,Phan Rang-Tháp Chàm,01-01-2015,-0.498718126
950,Phan Rang-Tháp Chàm,01-02-2015,-0.126336603
951,Phan Rang-Tháp Chàm,01-03-2015,-0.955275354
952,Phan Rang-Tháp Chàm,01-04-2015,-0.972059077
953,Phan Rang-Tháp Chàm,01-05-2015,-0.83415904
954,Phan Rang-Tháp Chàm,01-06-2015,-0.808354464
955,Phan Rang-Tháp Chàm,01-07-2015,-0.498068289
956,Phan Rang-Tháp Chàm,01-08-2015,-0.60738425
957,Phan Rang-Tháp Chàm,01-09-2015,-0.655157938
958,Phan Rang-Tháp Chàm,01-10-2015,-0.705455706
959,Phan Rang-Tháp Chàm,01-11-2015,0.322009
960,Phan Rang-Tháp Chàm,01-12-2015,0.78462579
961,Phan Rang-Tháp Chàm,01-01-2016,1.070318529
962,Phan Rang-Tháp Chàm,01-02-2016,0.787904615
963,Phan Rang-Tháp Chàm,01-03-2016,-0.13494389
964,Phan Rang-Tháp Chàm,01-04-2016,-0.631042235
965,Phan Rang-Tháp Chàm,01-05-2016,0.691508505
966,Phan Rang-Tháp Chàm,01-06-2016,1.363835004
967,Phan Rang-Tháp Chàm,01-07-2016,1.544322723
968,Phan Rang-Tháp Chàm,01-08-2016,1.25905876
969,Phan Rang-Tháp Chàm,01-09-2016,0.913340476
970,Phan Rang-Tháp Chàm,01-10-2016,1.150055325
971,Phan Rang-Tháp Chàm,01-11-2016,1.060693671
972,Phan Rang-Tháp Chàm,01-12-2016,1.884375559
973,Phan Rang-Tháp Chàm,01-01-2017,2.163260843
974,Phan Rang-Tháp Chàm,01-02-2017,2.450171717
975,Phan Rang-Tháp Chàm,01-03-2017,1.97076531
976,Phan Rang-Tháp Chàm,01-04-2017,1.321106693
977,Phan Rang-Tháp Chàm,01-05-2017,1.189725427
978,Phan Rang-Tháp Chàm,01-06-2017,1.163714452
979,Phan Rang-Tháp Chàm,01-07-2017,1.146498271
980,Phan Rang-Tháp Chàm,01-08-2017,1.17227635
981,Phan Rang-Tháp Chàm,01-09-2017,0.714198474
982,Phan Rang-Tháp Chàm,01-10-2017,0.819111554
983,Phan Rang-Tháp Chàm,01-11-2017,0.610791382
984,Phan Rang-Tháp Chàm,01-12-2017,0.808407272
985,Phan Rang-Tháp Chàm,01-01-2018,0.515124254
986,Phan Rang-Tháp Chàm,01-02-2018,0.497133076
987,Phan Rang-Tháp Chàm,01-03-2018,0.532867088
988,Phan Rang-Tháp Chàm,01-04-2018,0.536986937
989,Phan Rang-Tháp Chàm,01-05-2018,0.083620492
990,Phan Rang-Tháp Chàm,01-06-2018,0.441037908
991,Phan Rang-Tháp Chàm,01-07-2018,0.788844787
992,Phan Rang-Tháp Chàm,01-08-2018,1.33855301
993,Phan Rang-Tháp Chàm,01-09-2018,1.647004022
994,Phan Rang-Tháp Chàm,01-10-2018,1.341574861
995,Phan Rang-Tháp Chàm,01-11-2018,1.431892022
996,Phan Rang-Tháp Chàm,01-12-2018,1.016553266
997,Phan Rang-Tháp Chàm,01-01-2019,1.447654784
998,Phan Rang-Tháp Chàm,01-02-2019,1.190740663
999,Phan Rang-Tháp Chàm,01-03-2019,1.430751466
1000,Phan Rang-Tháp Chàm,01-04-2019,0.80321596
1001,Phan Rang-Tháp Chàm,01-05-2019,0.559090983
1002,Phan Rang-Tháp Chàm,01-06-2019,0.539845261
1003,Phan Rang-Tháp Chàm,01-07-2019,0.534768398
1004,Phan Rang-Tháp Chàm,01-08-2019,1.411408372
1005,Phan Rang-Tháp Chàm,01-09-2019,1.936677271
1006,Phan Rang-Tháp Chàm,01-10-2019,1.547051359
1007,Phan Rang-Tháp Chàm,01-11-2019,0.916306666
1008,Phan Rang-Tháp Chàm,01-12-2019,-0.166201654
1009,Phan Rang-Tháp Chàm,01-01-2020,0.137005145
1010,Phan Rang-Tháp Chàm,01-02-2020,-0.524291722
1011,Phan Rang-Tháp Chàm,01-03-2020,-0.240557854
1012,Phan Rang-Tháp Chàm,01-04-2020,-0.255783015
1013,Phan Rang-Tháp Chàm,01-05-2020,-0.751963578
1014,Phan Rang-Tháp Chàm,01-06-2020,-0.050654881
1015,Phan Rang-Tháp Chàm,01-07-2020,0.394855342
1016,Phan Rang-Tháp Chàm,01-08-2020,1.404265594
1017,Phan Rang-Tháp Chàm,01-09-2020,1.037234825
1018,Phan Rang-Tháp Chàm,01-10-2020,1.500352489
1019,Phan Rang-Tháp Chàm,01-11-2020,1.222332626
1020,Phan Rang-Tháp Chàm,01-12-2020,1.215864308
1021,Phan Rang-Tháp Chàm,01-01-2021,0.855134794
1022,Phan Rang-Tháp Chàm,01-02-2021,0.540590023
1023,Phan Rang-Tháp Chàm,01-03-2021,0.173839912
1024,Phan Rang-Tháp Chàm,01-04-2021,1.408696526
1025,Phan Rang-Tháp Chàm,01-05-2021,1.620548517
1026,Phan Rang-Tháp Chàm,01-06-2021,1.689293191
1027,Phan Rang-Tháp Chàm,01-07-2021,1.142210835
1028,Phan Rang-Tháp Chàm,01-08-2021,0.817811771
1029,Phan Rang-Tháp Chàm,01-09-2021,0.977070527
1030,Phan Rang-Tháp Chàm,01-10-2021,1.776806059
1031,Phan Rang-Tháp Chàm,01-11-2021,1.839418577
1032,Phan Rang-Tháp Chàm,01-12-2021,1.534216978
1033,Phan Rang-Tháp Chàm,01-01-2022,1.062055391
1034,Phan Rang-Tháp Chàm,01-02-2022,0.340243491
1035,Phan Rang-Tháp Chàm,01-03-2022,1.865216098
1036,Phan Rang-Tháp Chàm,01-04-2022,1.95525663
1037,Phan Rang-Tháp Chàm,01-05-2022,1.939349078
1038,Phan Rang-Tháp Chàm,01-06-2022,1.296765231
1039,Phan Rang-Tháp Chàm,01-07-2022,1.045121123
1040,Phan Rang-Tháp Chàm,01-08-2022,1.406727998
1041,Phan Rang-Tháp Chàm,01-09-2022,1.445271884
1042,Phan Rang-Tháp Chàm,01-10-2022,1.461195412
1043,Phan Rang-Tháp Chàm,01-11-2022,0.797795288
1044,Phan Rang-Tháp Chàm,01-12-2022,1.040439497
1045,Phan Rang-Tháp Chàm,01-01-2023,1.293454744
1046,Phan Rang-Tháp Chàm,01-02-2023,1.681764794
1047,Phan Rang-Tháp Chàm,01-03-2023,1.438406952
1048,Phan Rang-Tháp Chàm,01-04-2023,0.285150749
1049,Phan Rang-Tháp Chàm,01-05-2023,0.53807658
1050,Phan Rang-Tháp Chàm,01-06-2023,1.063848564
1051,Phan Rang-Tháp Chàm,01-07-2023,1.673224793
1052,Phan Rang-Tháp Chàm,01-08-2023,1.549822787
1053,Phan Rang-Tháp Chàm,01-09-2023,1.485796718
1054,Phan Rang-Tháp Chàm,01-10-2023,0.787576135
1055,Phan Rang-Tháp Chàm,01-11-2023,0.529945196
1056,Phan Rang-Tháp Chàm,01-12-2023,0.122724685
1057,Phan Rang-Tháp Chàm,01-01-2024,0.29419785
1058,Phan Rang-Tháp Chàm,01-02-2024,0.5424802
1059,Phan Rang-Tháp Chàm,01-03-2024,0.433794402
1060,Phan Rang-Tháp Chàm,01-04-2024,-0.039785413
1061,Phan Rang-Tháp Chàm,01-05-2024,0.365296026
1062,Phan Rang-Tháp Chàm,01-06-2024,0.973431122
1063,Phan Rang-Tháp Chàm,01-07-2024,2.227310109
1064,Phan Rang-Tháp Chàm,01-08-2024,2.325986455
1065,Phan Rang-Tháp Chàm,01-09-2024,1.937925925
1066,Phan Rang-Tháp Chàm,01-10-2024,0.777765169
1067,Phan Rang-Tháp Chàm,01-11-2024,0.075521023
1068,Phan Rang-Tháp Chàm,01-12-2024,0.193577526
1069,Phan Rang-Tháp Chàm,01-01-2025,0.447133848
1070,Phan Rang-Tháp Chàm,01-02-2025,1.376475223
1071,Phan Rang-Tháp Chàm,01-03-2025,1.238116572
1072,Phan Rang-Tháp Chàm,01-04-2025,1.112368668
1073,Phan Rang-Tháp Chàm,01-05-2025,1.237446613
1074,Phan Rang-Tháp Chàm,01-06-2025,1.636947068
1075,Phan Rang-Tháp Chàm,01-07-2025,1.61325005
1076,Phan Rang-Tháp Chàm,01-08-2025,1.076169793
1077,Phan Rang-Tháp Chàm,01-09-2025,1.266778996
1078,Phan Rang-Tháp Chàm,01-10-2025,1.877011119
1079,Phan Rang-Tháp Chàm,01-11-2025,1.981590464
1080,Phan Rang-Tháp Chàm,01-12-2025,1.565834005
1081,Thuận Bắc District,01-01-1981,-0.609080407
1082,Thuận Bắc District,01-02-1981,-0.609080407
1083,Thuận Bắc District,01-03-1981,-1.148062937
1084,Thuận Bắc District,01-04-1981,-0.873329817
1085,Thuận Bắc District,01-05-1981,-0.863974714
1086,Thuận Bắc District,01-06-1981,-0.320229015
1087,Thuận Bắc District,01-07-1981,-0.17329077
1088,Thuận Bắc District,01-08-1981,-0.099813365
1089,Thuận Bắc District,01-09-1981,-0.678486926
1090,Thuận Bắc District,01-10-1981,-0.849814169
1091,Thuận Bắc District,01-11-1981,-0.564990672
1092,Thuận Bắc District,01-12-1981,-0.51881169
1093,Thuận Bắc District,01-01-1982,-0.38633727
1094,Thuận Bắc District,01-02-1982,-0.728107589
1095,Thuận Bắc District,01-03-1982,-0.706506888
1096,Thuận Bắc District,01-04-1982,-0.996438267
1097,Thuận Bắc District,01-05-1982,-1.423165659
1098,Thuận Bắc District,01-06-1982,-1.596840941
1099,Thuận Bắc District,01-07-1982,-1.67801624
1100,Thuận Bắc District,01-08-1982,-1.848219212
1101,Thuận Bắc District,01-09-1982,-1.45437003
1102,Thuận Bắc District,01-10-1982,-1.65200951
1103,Thuận Bắc District,01-11-1982,-1.600446969
1104,Thuận Bắc District,01-12-1982,-1.722427957
1105,Thuận Bắc District,01-01-1983,-1.58660925
1106,Thuận Bắc District,01-02-1983,-1.701537833
1107,Thuận Bắc District,01-03-1983,-1.595507888
1108,Thuận Bắc District,01-04-1983,-1.626523895
1109,Thuận Bắc District,01-05-1983,-1.617832612
1110,Thuận Bắc District,01-06-1983,-1.393393472
1111,Thuận Bắc District,01-07-1983,-1.243491638
1112,Thuận Bắc District,01-08-1983,-0.822229567
1113,Thuận Bắc District,01-09-1983,-0.856903533
1114,Thuận Bắc District,01-10-1983,-0.875677122
1115,Thuận Bắc District,01-11-1983,-1.217684687
1116,Thuận Bắc District,01-12-1983,-1.27535482
1117,Thuận Bắc District,01-01-1984,-1.446138648
1118,Thuận Bắc District,01-02-1984,-1.242459037
1119,Thuận Bắc District,01-03-1984,-1.143784269
1120,Thuận Bắc District,01-04-1984,-1.203585033
1121,Thuận Bắc District,01-05-1984,-1.296461918
1122,Thuận Bắc District,01-06-1984,-1.389602179
1123,Thuận Bắc District,01-07-1984,-1.368930476
1124,Thuận Bắc District,01-08-1984,-1.434925496
1125,Thuận Bắc District,01-09-1984,-1.329137161
1126,Thuận Bắc District,01-10-1984,-1.188604523
1127,Thuận Bắc District,01-11-1984,-1.297676007
1128,Thuận Bắc District,01-12-1984,-1.274345826
1129,Thuận Bắc District,01-01-1985,-1.430264087
1130,Thuận Bắc District,01-02-1985,-1.274232943
1131,Thuận Bắc District,01-03-1985,-1.21016742
1132,Thuận Bắc District,01-04-1985,-0.778660887
1133,Thuận Bắc District,01-05-1985,-1.050472007
1134,Thuận Bắc District,01-06-1985,-1.018077392
1135,Thuận Bắc District,01-07-1985,-1.311595008
1136,Thuận Bắc District,01-08-1985,-1.421333571
1137,Thuận Bắc District,01-09-1985,-1.433030143
1138,Thuận Bắc District,01-10-1985,-1.514452695
1139,Thuận Bắc District,01-11-1985,-1.431439138
1140,Thuận Bắc District,01-12-1985,-1.354591144
1141,Thuận Bắc District,01-01-1986,-1.128238504
1142,Thuận Bắc District,01-02-1986,-1.070764018
1143,Thuận Bắc District,01-03-1986,-1.379244896
1144,Thuận Bắc District,01-04-1986,-1.366029311
1145,Thuận Bắc District,01-05-1986,-1.282081775
1146,Thuận Bắc District,01-06-1986,-1.340745313
1147,Thuận Bắc District,01-07-1986,-1.188504381
1148,Thuận Bắc District,01-08-1986,-1.103939657
1149,Thuận Bắc District,01-09-1986,-0.912297475
1150,Thuận Bắc District,01-10-1986,-1.253677121
1151,Thuận Bắc District,01-11-1986,-1.337818247
1152,Thuận Bắc District,01-12-1986,-1.296720632
1153,Thuận Bắc District,01-01-1987,-1.168226024
1154,Thuận Bắc District,01-02-1987,-1.077054776
1155,Thuận Bắc District,01-03-1987,-1.509019355
1156,Thuận Bắc District,01-04-1987,-1.444847359
1157,Thuận Bắc District,01-05-1987,-1.593766857
1158,Thuận Bắc District,01-06-1987,-1.585671213
1159,Thuận Bắc District,01-07-1987,-1.65130204
1160,Thuận Bắc District,01-08-1987,-1.617756127
1161,Thuận Bắc District,01-09-1987,-1.79166232
1162,Thuận Bắc District,01-10-1987,-1.878162993
1163,Thuận Bắc District,01-11-1987,-1.931870207
1164,Thuận Bắc District,01-12-1987,-1.796221248
1165,Thuận Bắc District,01-01-1988,-1.656785659
1166,Thuận Bắc District,01-02-1988,-1.650298987
1167,Thuận Bắc District,01-03-1988,-1.606156581
1168,Thuận Bắc District,01-04-1988,-1.426607038
1169,Thuận Bắc District,01-05-1988,-1.516269695
1170,Thuận Bắc District,01-06-1988,-1.585362296
1171,Thuận Bắc District,01-07-1988,-1.699977041
1172,Thuận Bắc District,01-08-1988,-1.841833248
1173,Thuận Bắc District,01-09-1988,-1.926559387
1174,Thuận Bắc District,01-10-1988,-1.524168025
1175,Thuận Bắc District,01-11-1988,-1.171924228
1176,Thuận Bắc District,01-12-1988,-0.940520919
1177,Thuận Bắc District,01-01-1989,-0.947556243
1178,Thuận Bắc District,01-02-1989,-1.329004994
1179,Thuận Bắc District,01-03-1989,-0.49008906
1180,Thuận Bắc District,01-04-1989,-0.425910405
1181,Thuận Bắc District,01-05-1989,-0.824920509
1182,Thuận Bắc District,01-06-1989,-1.149837984
1183,Thuận Bắc District,01-07-1989,-1.133465143
1184,Thuận Bắc District,01-08-1989,-1.173490472
1185,Thuận Bắc District,01-09-1989,-1.504345612
1186,Thuận Bắc District,01-10-1989,-1.302071216
1187,Thuận Bắc District,01-11-1989,-1.297000351
1188,Thuận Bắc District,01-12-1989,-1.152734132
1189,Thuận Bắc District,01-01-1990,-1.327154752
1190,Thuận Bắc District,01-02-1990,-1.532162747
1191,Thuận Bắc District,01-03-1990,-1.49212367
1192,Thuận Bắc District,01-04-1990,-1.124408516
1193,Thuận Bắc District,01-05-1990,-1.078485777
1194,Thuận Bắc District,01-06-1990,-0.851136241
1195,Thuận Bắc District,01-07-1990,-0.769733189
1196,Thuận Bắc District,01-08-1990,-0.246477385
1197,Thuận Bắc District,01-09-1990,-0.024128437
1198,Thuận Bắc District,01-10-1990,0.108780637
1199,Thuận Bắc District,01-11-1990,-0.047752473
1200,Thuận Bắc District,01-12-1990,-0.205443626
1201,Thuận Bắc District,01-01-1991,-0.289175771
1202,Thuận Bắc District,01-02-1991,-0.260364087
1203,Thuận Bắc District,01-03-1991,0.427853234
1204,Thuận Bắc District,01-04-1991,0.966629069
1205,Thuận Bắc District,01-05-1991,0.137937765
1206,Thuận Bắc District,01-06-1991,-0.19880588
1207,Thuận Bắc District,01-07-1991,-0.161516355
1208,Thuận Bắc District,01-08-1991,-0.039277994
1209,Thuận Bắc District,01-09-1991,-0.161525976
1210,Thuận Bắc District,01-10-1991,-0.3993192
1211,Thuận Bắc District,01-11-1991,-0.579247143
1212,Thuận Bắc District,01-12-1991,-0.689207958
1213,Thuận Bắc District,01-01-1992,-0.725654463
1214,Thuận Bắc District,01-02-1992,-0.195733501
1215,Thuận Bắc District,01-03-1992,-0.00349943
1216,Thuận Bắc District,01-04-1992,-0.791311287
1217,Thuận Bắc District,01-05-1992,-0.933717671
1218,Thuận Bắc District,01-06-1992,-0.369424125
1219,Thuận Bắc District,01-07-1992,-0.18157757
1220,Thuận Bắc District,01-08-1992,0.541354055
1221,Thuận Bắc District,01-09-1992,0.115953948
1222,Thuận Bắc District,01-10-1992,0.649197716
1223,Thuận Bắc District,01-11-1992,-0.06329109
1224,Thuận Bắc District,01-12-1992,-0.121470827
1225,Thuận Bắc District,01-01-1993,-0.843177414
1226,Thuận Bắc District,01-02-1993,-0.678768259
1227,Thuận Bắc District,01-03-1993,-0.438259844
1228,Thuận Bắc District,01-04-1993,-0.484439886
1229,Thuận Bắc District,01-05-1993,-0.436232862
1230,Thuận Bắc District,01-06-1993,-0.339397155
1231,Thuận Bắc District,01-07-1993,-0.208831073
1232,Thuận Bắc District,01-08-1993,-0.013476125
1233,Thuận Bắc District,01-09-1993,-0.332257177
1234,Thuận Bắc District,01-10-1993,0.107130405
1235,Thuận Bắc District,01-11-1993,0.147686866
1236,Thuận Bắc District,01-12-1993,0.560713031
1237,Thuận Bắc District,01-01-1994,0.427233452
1238,Thuận Bắc District,01-02-1994,0.581131876
1239,Thuận Bắc District,01-03-1994,0.087976607
1240,Thuận Bắc District,01-04-1994,-0.030457654
1241,Thuận Bắc District,01-05-1994,-0.095669578
1242,Thuận Bắc District,01-06-1994,1.047975578
1243,Thuận Bắc District,01-07-1994,1.072379023
1244,Thuận Bắc District,01-08-1994,0.97927795
1245,Thuận Bắc District,01-09-1994,0.256386346
1246,Thuận Bắc District,01-10-1994,0.357058357
1247,Thuận Bắc District,01-11-1994,0.067062424
1248,Thuận Bắc District,01-12-1994,0.038361568
1249,Thuận Bắc District,01-01-1995,-0.199178747
1250,Thuận Bắc District,01-02-1995,0.488509783
1251,Thuận Bắc District,01-03-1995,0.0863076
1252,Thuận Bắc District,01-04-1995,0.080343644
1253,Thuận Bắc District,01-05-1995,-0.114617321
1254,Thuận Bắc District,01-06-1995,-0.439467618
1255,Thuận Bắc District,01-07-1995,0.159364616
1256,Thuận Bắc District,01-08-1995,0.250130948
1257,Thuận Bắc District,01-09-1995,0.469979972
1258,Thuận Bắc District,01-10-1995,0.414163713
1259,Thuận Bắc District,01-11-1995,0.217407843
1260,Thuận Bắc District,01-12-1995,0.263669159
1261,Thuận Bắc District,01-01-1996,0.042266924
1262,Thuận Bắc District,01-02-1996,0.463699113
1263,Thuận Bắc District,01-03-1996,0.147460948
1264,Thuận Bắc District,01-04-1996,0.13969752
1265,Thuận Bắc District,01-05-1996,0.887503192
1266,Thuận Bắc District,01-06-1996,1.048504673
1267,Thuận Bắc District,01-07-1996,0.708792461
1268,Thuận Bắc District,01-08-1996,0.046406494
1269,Thuận Bắc District,01-09-1996,0.321143202
1270,Thuận Bắc District,01-10-1996,0.509897468
1271,Thuận Bắc District,01-11-1996,1.096697055
1272,Thuận Bắc District,01-12-1996,1.149613544
1273,Thuận Bắc District,01-01-1997,1.320725061
1274,Thuận Bắc District,01-02-1997,1.057850802
1275,Thuận Bắc District,01-03-1997,0.277869734
1276,Thuận Bắc District,01-04-1997,0.709585188
1277,Thuận Bắc District,01-05-1997,0.192373304
1278,Thuận Bắc District,01-06-1997,-0.036765927
1279,Thuận Bắc District,01-07-1997,-0.009004751
1280,Thuận Bắc District,01-08-1997,0.033811879
1281,Thuận Bắc District,01-09-1997,0.192383053
1282,Thuận Bắc District,01-10-1997,-0.399914469
1283,Thuận Bắc District,01-11-1997,-0.706465658
1284,Thuận Bắc District,01-12-1997,-0.910179273
1285,Thuận Bắc District,01-01-1998,-0.822246986
1286,Thuận Bắc District,01-02-1998,-0.604123227
1287,Thuận Bắc District,01-03-1998,-0.808352877
1288,Thuận Bắc District,01-04-1998,-0.994153826
1289,Thuận Bắc District,01-05-1998,-0.191261568
1290,Thuận Bắc District,01-06-1998,0.01354432
1291,Thuận Bắc District,01-07-1998,0.441973282
1292,Thuận Bắc District,01-08-1998,0.719676067
1293,Thuận Bắc District,01-09-1998,1.171126567
1294,Thuận Bắc District,01-10-1998,1.200018119
1295,Thuận Bắc District,01-11-1998,1.596466837
1296,Thuận Bắc District,01-12-1998,1.575462833
1297,Thuận Bắc District,01-01-1999,1.773160048
1298,Thuận Bắc District,01-02-1999,1.358215323
1299,Thuận Bắc District,01-03-1999,0.878470678
1300,Thuận Bắc District,01-04-1999,1.629326603
1301,Thuận Bắc District,01-05-1999,1.520217827
1302,Thuận Bắc District,01-06-1999,1.490849339
1303,Thuận Bắc District,01-07-1999,0.78277003
1304,Thuận Bắc District,01-08-1999,0.646499756
1305,Thuận Bắc District,01-09-1999,-0.028060718
1306,Thuận Bắc District,01-10-1999,0.023159669
1307,Thuận Bắc District,01-11-1999,0.283631673
1308,Thuận Bắc District,01-12-1999,0.961196653
1309,Thuận Bắc District,01-01-2000,1.201892335
1310,Thuận Bắc District,01-02-2000,1.334248102
1311,Thuận Bắc District,01-03-2000,1.041443603
1312,Thuận Bắc District,01-04-2000,0.876332558
1313,Thuận Bắc District,01-05-2000,0.903316961
1314,Thuận Bắc District,01-06-2000,0.779605207
1315,Thuận Bắc District,01-07-2000,0.438968653
1316,Thuận Bắc District,01-08-2000,-0.059004864
1317,Thuận Bắc District,01-09-2000,-0.259695202
1318,Thuận Bắc District,01-10-2000,0.508689003
1319,Thuận Bắc District,01-11-2000,0.704196758
1320,Thuận Bắc District,01-12-2000,0.992000843
1321,Thuận Bắc District,01-01-2001,0.788798369
1322,Thuận Bắc District,01-02-2001,0.932899252
1323,Thuận Bắc District,01-03-2001,1.514900532
1324,Thuận Bắc District,01-04-2001,1.28190419
1325,Thuận Bắc District,01-05-2001,0.926585235
1326,Thuận Bắc District,01-06-2001,-0.066419276
1327,Thuận Bắc District,01-07-2001,-0.488408641
1328,Thuận Bắc District,01-08-2001,-0.395152453
1329,Thuận Bắc District,01-09-2001,0.499740006
1330,Thuận Bắc District,01-10-2001,0.556475761
1331,Thuận Bắc District,01-11-2001,0.012159205
1332,Thuận Bắc District,01-12-2001,-0.595811784
1333,Thuận Bắc District,01-01-2002,-0.78855149
1334,Thuận Bắc District,01-02-2002,-0.389587719
1335,Thuận Bắc District,01-03-2002,-0.52856011
1336,Thuận Bắc District,01-04-2002,-0.275947366
1337,Thuận Bắc District,01-05-2002,-0.688161655
1338,Thuận Bắc District,01-06-2002,-0.718676974
1339,Thuận Bắc District,01-07-2002,-0.976698993
1340,Thuận Bắc District,01-08-2002,-0.765847308
1341,Thuận Bắc District,01-09-2002,-0.160191424
1342,Thuận Bắc District,01-10-2002,-0.175594396
1343,Thuận Bắc District,01-11-2002,0.318118873
1344,Thuận Bắc District,01-12-2002,0.10084853
1345,Thuận Bắc District,01-01-2003,0.457518149
1346,Thuận Bắc District,01-02-2003,-0.071650397
1347,Thuận Bắc District,01-03-2003,-0.337594847
1348,Thuận Bắc District,01-04-2003,-0.604607129
1349,Thuận Bắc District,01-05-2003,0.363500741
1350,Thuận Bắc District,01-06-2003,0.086276009
1351,Thuận Bắc District,01-07-2003,0.294004122
1352,Thuận Bắc District,01-08-2003,-0.593327012
1353,Thuận Bắc District,01-09-2003,-0.767343417
1354,Thuận Bắc District,01-10-2003,-0.318387795
1355,Thuận Bắc District,01-11-2003,0.010873905
1356,Thuận Bắc District,01-12-2003,0.23989266
1357,Thuận Bắc District,01-01-2004,-0.043285284
1358,Thuận Bắc District,01-02-2004,-0.296581615
1359,Thuận Bắc District,01-03-2004,-0.802419562
1360,Thuận Bắc District,01-04-2004,-0.889863873
1361,Thuận Bắc District,01-05-2004,0.133378469
1362,Thuận Bắc District,01-06-2004,0.505246826
1363,Thuận Bắc District,01-07-2004,0.459995543
1364,Thuận Bắc District,01-08-2004,-0.015584871
1365,Thuận Bắc District,01-09-2004,-0.739093893
1366,Thuận Bắc District,01-10-2004,-1.063982683
1367,Thuận Bắc District,01-11-2004,-1.301434229
1368,Thuận Bắc District,01-12-2004,-1.228513026
1369,Thuận Bắc District,01-01-2005,-1.2616108
1370,Thuận Bắc District,01-02-2005,-1.23591751
1371,Thuận Bắc District,01-03-2005,-0.929182084
1372,Thuận Bắc District,01-04-2005,-0.884879676
1373,Thuận Bắc District,01-05-2005,-0.937865313
1374,Thuận Bắc District,01-06-2005,-1.118814254
1375,Thuận Bắc District,01-07-2005,-0.897650078
1376,Thuận Bắc District,01-08-2005,-0.937492755
1377,Thuận Bắc District,01-09-2005,-0.447588346
1378,Thuận Bắc District,01-10-2005,0.007621351
1379,Thuận Bắc District,01-11-2005,0.187088411
1380,Thuận Bắc District,01-12-2005,0.643154304
1381,Thuận Bắc District,01-01-2006,0.601730679
1382,Thuận Bắc District,01-02-2006,1.172474232
1383,Thuận Bắc District,01-03-2006,1.074740718
1384,Thuận Bắc District,01-04-2006,1.084011122
1385,Thuận Bắc District,01-05-2006,0.269121628
1386,Thuận Bắc District,01-06-2006,-0.493046421
1387,Thuận Bắc District,01-07-2006,-0.647232723
1388,Thuận Bắc District,01-08-2006,-0.534093488
1389,Thuận Bắc District,01-09-2006,-0.614557202
1390,Thuận Bắc District,01-10-2006,-0.859338393
1391,Thuận Bắc District,01-11-2006,-1.147065844
1392,Thuận Bắc District,01-12-2006,-0.968740921
1393,Thuận Bắc District,01-01-2007,-0.832043399
1394,Thuận Bắc District,01-02-2007,-0.293699669
1395,Thuận Bắc District,01-03-2007,-0.455742612
1396,Thuận Bắc District,01-04-2007,-0.391181691
1397,Thuận Bắc District,01-05-2007,0.292342612
1398,Thuận Bắc District,01-06-2007,0.10313552
1399,Thuận Bắc District,01-07-2007,-0.011060921
1400,Thuận Bắc District,01-08-2007,-0.301789695
1401,Thuận Bắc District,01-09-2007,-0.299425731
1402,Thuận Bắc District,01-10-2007,0.111159179
1403,Thuận Bắc District,01-11-2007,0.51826246
1404,Thuận Bắc District,01-12-2007,0.34957549
1405,Thuận Bắc District,01-01-2008,0.488638278
1406,Thuận Bắc District,01-02-2008,0.084406174
1407,Thuận Bắc District,01-03-2008,1.058692167
1408,Thuận Bắc District,01-04-2008,0.988600343
1409,Thuận Bắc District,01-05-2008,0.690999915
1410,Thuận Bắc District,01-06-2008,0.318723021
1411,Thuận Bắc District,01-07-2008,-0.085652675
1412,Thuận Bắc District,01-08-2008,-0.323678666
1413,Thuận Bắc District,01-09-2008,0.206038995
1414,Thuận Bắc District,01-10-2008,0.03422804
1415,Thuận Bắc District,01-11-2008,0.575157089
1416,Thuận Bắc District,01-12-2008,0.664112617
1417,Thuận Bắc District,01-01-2009,1.047449544
1418,Thuận Bắc District,01-02-2009,0.942747951
1419,Thuận Bắc District,01-03-2009,0.645636962
1420,Thuận Bắc District,01-04-2009,1.503401174
1421,Thuận Bắc District,01-05-2009,1.500445375
1422,Thuận Bắc District,01-06-2009,1.077043426
1423,Thuận Bắc District,01-07-2009,0.285606318
1424,Thuận Bắc District,01-08-2009,-0.368405447
1425,Thuận Bắc District,01-09-2009,-0.124999752
1426,Thuận Bắc District,01-10-2009,-0.45038547
1427,Thuận Bắc District,01-11-2009,-0.258383876
1428,Thuận Bắc District,01-12-2009,-0.518403457
1429,Thuận Bắc District,01-01-2010,-0.02278116
1430,Thuận Bắc District,01-02-2010,-0.076379623
1431,Thuận Bắc District,01-03-2010,0.439840132
1432,Thuận Bắc District,01-04-2010,-0.011052385
1433,Thuận Bắc District,01-05-2010,-0.559867799
1434,Thuận Bắc District,01-06-2010,-0.792303006
1435,Thuận Bắc District,01-07-2010,-0.924068206
1436,Thuận Bắc District,01-08-2010,-0.706948696
1437,Thuận Bắc District,01-09-2010,-0.645171162
1438,Thuận Bắc District,01-10-2010,0.79588149
1439,Thuận Bắc District,01-11-2010,1.533924209
1440,Thuận Bắc District,01-12-2010,1.617769343
1441,Thuận Bắc District,01-01-2011,1.23009605
1442,Thuận Bắc District,01-02-2011,0.200554538
1443,Thuận Bắc District,01-03-2011,0.803366149
1444,Thuận Bắc District,01-04-2011,0.653746703
1445,Thuận Bắc District,01-05-2011,0.818872183
1446,Thuận Bắc District,01-06-2011,0.164151929
1447,Thuận Bắc District,01-07-2011,0.334292297
1448,Thuận Bắc District,01-08-2011,0.119038162
1449,Thuận Bắc District,01-09-2011,0.134687487
1450,Thuận Bắc District,01-10-2011,-0.047421582
1451,Thuận Bắc District,01-11-2011,-0.269704476
1452,Thuận Bắc District,01-12-2011,-0.209929173
1453,Thuận Bắc District,01-01-2012,-0.101668892
1454,Thuận Bắc District,01-02-2012,0.362900378
1455,Thuận Bắc District,01-03-2012,1.305966303
1456,Thuận Bắc District,01-04-2012,1.592244719
1457,Thuận Bắc District,01-05-2012,1.010235524
1458,Thuận Bắc District,01-06-2012,0.21882042
1459,Thuận Bắc District,01-07-2012,0.050553233
1460,Thuận Bắc District,01-08-2012,-0.125453336
1461,Thuận Bắc District,01-09-2012,0.684149807
1462,Thuận Bắc District,01-10-2012,-0.167230964
1463,Thuận Bắc District,01-11-2012,-0.041150856
1464,Thuận Bắc District,01-12-2012,-0.720424751
1465,Thuận Bắc District,01-01-2013,-0.338836334
1466,Thuận Bắc District,01-02-2013,-0.133272648
1467,Thuận Bắc District,01-03-2013,0.315342559
1468,Thuận Bắc District,01-04-2013,0.179020315
1469,Thuận Bắc District,01-05-2013,-0.675580316
1470,Thuận Bắc District,01-06-2013,-0.20507521
1471,Thuận Bắc District,01-07-2013,-0.182762219
1472,Thuận Bắc District,01-08-2013,0.229399402
1473,Thuận Bắc District,01-09-2013,0.058684187
1474,Thuận Bắc District,01-10-2013,-0.297930203
1475,Thuận Bắc District,01-11-2013,-0.07303528
1476,Thuận Bắc District,01-12-2013,-0.365954512
1477,Thuận Bắc District,01-01-2014,-0.196985144
1478,Thuận Bắc District,01-02-2014,-0.940685836
1479,Thuận Bắc District,01-03-2014,-0.834400728
1480,Thuận Bắc District,01-04-2014,-0.754833809
1481,Thuận Bắc District,01-05-2014,-0.868537935
1482,Thuận Bắc District,01-06-2014,-0.948786161
1483,Thuận Bắc District,01-07-2014,-0.602072231
1484,Thuận Bắc District,01-08-2014,-0.19591532
1485,Thuận Bắc District,01-09-2014,-0.471506849
1486,Thuận Bắc District,01-10-2014,-0.852388733
1487,Thuận Bắc District,01-11-2014,-1.084898663
1488,Thuận Bắc District,01-12-2014,-0.550343652
1489,Thuận Bắc District,01-01-2015,-0.331153214
1490,Thuận Bắc District,01-02-2015,0.189824626
1491,Thuận Bắc District,01-03-2015,-0.692142699
1492,Thuận Bắc District,01-04-2015,-0.656764008
1493,Thuận Bắc District,01-05-2015,-0.598310649
1494,Thuận Bắc District,01-06-2015,-0.632418036
1495,Thuận Bắc District,01-07-2015,-0.413234525
1496,Thuận Bắc District,01-08-2015,-0.610744841
1497,Thuận Bắc District,01-09-2015,-0.816522083
1498,Thuận Bắc District,01-10-2015,-1.028163991
1499,Thuận Bắc District,01-11-2015,-0.043120612
1500,Thuận Bắc District,01-12-2015,0.492878861
1501,Thuận Bắc District,01-01-2016,0.968338694
1502,Thuận Bắc District,01-02-2016,0.680684047
1503,Thuận Bắc District,01-03-2016,-0.293754027
1504,Thuận Bắc District,01-04-2016,-0.664281005
1505,Thuận Bắc District,01-05-2016,0.342750684
1506,Thuận Bắc District,01-06-2016,1.25047035
1507,Thuận Bắc District,01-07-2016,1.401002141
1508,Thuận Bắc District,01-08-2016,1.375664955
1509,Thuận Bắc District,01-09-2016,1.009114711
1510,Thuận Bắc District,01-10-2016,0.998267448
1511,Thuận Bắc District,01-11-2016,0.946332052
1512,Thuận Bắc District,01-12-2016,1.88228089
1513,Thuận Bắc District,01-01-2017,2.24332962
1514,Thuận Bắc District,01-02-2017,2.466427543
1515,Thuận Bắc District,01-03-2017,1.883867701
1516,Thuận Bắc District,01-04-2017,1.274968021
1517,Thuận Bắc District,01-05-2017,1.541390803
1518,Thuận Bắc District,01-06-2017,1.588441114
1519,Thuận Bắc District,01-07-2017,1.632325636
1520,Thuận Bắc District,01-08-2017,1.490123502
1521,Thuận Bắc District,01-09-2017,1.071737427
1522,Thuận Bắc District,01-10-2017,0.779818327
1523,Thuận Bắc District,01-11-2017,0.684174567
1524,Thuận Bắc District,01-12-2017,0.807102906
1525,Thuận Bắc District,01-01-2018,0.652032215
1526,Thuận Bắc District,01-02-2018,0.413710996
1527,Thuận Bắc District,01-03-2018,0.504157586
1528,Thuận Bắc District,01-04-2018,0.750936857
1529,Thuận Bắc District,01-05-2018,0.442731231
1530,Thuận Bắc District,01-06-2018,0.847356636
1531,Thuận Bắc District,01-07-2018,1.117693526
1532,Thuận Bắc District,01-08-2018,1.461722379
1533,Thuận Bắc District,01-09-2018,1.524601348
1534,Thuận Bắc District,01-10-2018,1.167726766
1535,Thuận Bắc District,01-11-2018,1.205630492
1536,Thuận Bắc District,01-12-2018,0.903511905
1537,Thuận Bắc District,01-01-2019,1.310812689
1538,Thuận Bắc District,01-02-2019,1.105718895
1539,Thuận Bắc District,01-03-2019,1.290339124
1540,Thuận Bắc District,01-04-2019,0.615233768
1541,Thuận Bắc District,01-05-2019,0.821153443
1542,Thuận Bắc District,01-06-2019,0.855077571
1543,Thuận Bắc District,01-07-2019,0.902722675
1544,Thuận Bắc District,01-08-2019,1.43207696
1545,Thuận Bắc District,01-09-2019,1.890758713
1546,Thuận Bắc District,01-10-2019,1.64428907
1547,Thuận Bắc District,01-11-2019,1.137381439
1548,Thuận Bắc District,01-12-2019,0.039577138
1549,Thuận Bắc District,01-01-2020,0.202509893
1550,Thuận Bắc District,01-02-2020,-0.611542673
1551,Thuận Bắc District,01-03-2020,-0.200246477
1552,Thuận Bắc District,01-04-2020,0.122719062
1553,Thuận Bắc District,01-05-2020,-0.380766351
1554,Thuận Bắc District,01-06-2020,0.180681953
1555,Thuận Bắc District,01-07-2020,0.572483423
1556,Thuận Bắc District,01-08-2020,1.37277655
1557,Thuận Bắc District,01-09-2020,1.151336935
1558,Thuận Bắc District,01-10-2020,1.510414451
1559,Thuận Bắc District,01-11-2020,1.276352454
1560,Thuận Bắc District,01-12-2020,1.218658723
1561,Thuận Bắc District,01-01-2021,0.829547839
1562,Thuận Bắc District,01-02-2021,0.363933833
1563,Thuận Bắc District,01-03-2021,0.148937809
1564,Thuận Bắc District,01-04-2021,1.365860589
1565,Thuận Bắc District,01-05-2021,1.515739877
1566,Thuận Bắc District,01-06-2021,1.556420697
1567,Thuận Bắc District,01-07-2021,1.153128496
1568,Thuận Bắc District,01-08-2021,1.04037767
1569,Thuận Bắc District,01-09-2021,1.204660423
1570,Thuận Bắc District,01-10-2021,1.945309809
1571,Thuận Bắc District,01-11-2021,1.987803581
1572,Thuận Bắc District,01-12-2021,1.651250037
1573,Thuận Bắc District,01-01-2022,1.049614508
1574,Thuận Bắc District,01-02-2022,0.26832122
1575,Thuận Bắc District,01-03-2022,1.854493362
1576,Thuận Bắc District,01-04-2022,2.041406029
1577,Thuận Bắc District,01-05-2022,2.020366745
1578,Thuận Bắc District,01-06-2022,1.433973376
1579,Thuận Bắc District,01-07-2022,1.328692308
1580,Thuận Bắc District,01-08-2022,1.611933238
1581,Thuận Bắc District,01-09-2022,1.583133114
1582,Thuận Bắc District,01-10-2022,1.439566076
1583,Thuận Bắc District,01-11-2022,0.703514587
1584,Thuận Bắc District,01-12-2022,0.994268139
1585,Thuận Bắc District,01-01-2023,1.227873569
1586,Thuận Bắc District,01-02-2023,1.693213447
1587,Thuận Bắc District,01-03-2023,1.4209055
1588,Thuận Bắc District,01-04-2023,0.356967031
1589,Thuận Bắc District,01-05-2023,0.819684586
1590,Thuận Bắc District,01-06-2023,1.227585409
1591,Thuận Bắc District,01-07-2023,1.699073342
1592,Thuận Bắc District,01-08-2023,1.558459149
1593,Thuận Bắc District,01-09-2023,1.559638892
1594,Thuận Bắc District,01-10-2023,0.900052797
1595,Thuận Bắc District,01-11-2023,0.519581247
1596,Thuận Bắc District,01-12-2023,0.087131827
1597,Thuận Bắc District,01-01-2024,0.197009393
1598,Thuận Bắc District,01-02-2024,0.537779686
1599,Thuận Bắc District,01-03-2024,0.455296212
1600,Thuận Bắc District,01-04-2024,0.007952343
1601,Thuận Bắc District,01-05-2024,0.72587905
1602,Thuận Bắc District,01-06-2024,1.267851684
1603,Thuận Bắc District,01-07-2024,1.960452448
1604,Thuận Bắc District,01-08-2024,1.905533136
1605,Thuận Bắc District,01-09-2024,1.703733509
1606,Thuận Bắc District,01-10-2024,0.716570352
1607,Thuận Bắc District,01-11-2024,-0.031604332
1608,Thuận Bắc District,01-12-2024,-0.012399243
1609,Thuận Bắc District,01-01-2025,0.205486645
1610,Thuận Bắc District,01-02-2025,1.278482414
1611,Thuận Bắc District,01-03-2025,1.333556707
1612,Thuận Bắc District,01-04-2025,1.183759185
1613,Thuận Bắc District,01-05-2025,1.432672773
1614,Thuận Bắc District,01-06-2025,1.71793397
1615,Thuận Bắc District,01-07-2025,1.559342019
1616,Thuận Bắc District,01-08-2025,1.127581126
1617,Thuận Bắc District,01-09-2025,1.376657248
1618,Thuận Bắc District,01-10-2025,1.75063819
1619,Thuận Bắc District,01-11-2025,1.990367274
1620,Thuận Bắc District,01-12-2025,1.507918954
