Location,Year,Month,Month_Name,Date,SPEI3_Ridge,SPEI3_LightGBM,SPEI3_SARIMA,SPEI3_Ensemble,PI_Lower_90,PI_Upper_90,SPEI_Category,Ensemble_Weights
Ninh Sơn District,2026,1,January,2026-01-01,1.204542,1.243565,1.381654,1.274762,0.587907,1.961618,Very Wet,Ridge=0.345|LightGBM=0.331|SARIMA=0.323
Ninh Sơn District,2026,2,February,2026-02-01,1.089066,0.882274,1.302484,1.089584,0.392426,1.786743,Very Wet,Ridge=0.345|LightGBM=0.331|SARIMA=0.323
Ninh Sơn District,2026,3,March,2026-03-01,1.064322,1.600577,1.155253,1.271413,0.563952,1.978874,Very Wet,Ridge=0.345|LightGBM=0.331|SARIMA=0.323
Ninh Sơn District,2026,4,April,2026-04-01,1.370031,1.319479,1.027794,1.242577,0.524813,1.960341,Very Wet,Ridge=0.345|LightGBM=0.331|SARIMA=0.323
Ninh Sơn District,2026,5,May,2026-05-01,1.332181,1.195628,0.926827,1.155816,0.427749,1.883883,Very Wet,Ridge=0.345|LightGBM=0.331|SARIMA=0.323
Ninh Sơn District,2026,6,June,2026-06-01,1.012436,0.566178,0.858987,0.814941,0.076571,1.55331,Moderately Wet,Ridge=0.345|LightGBM=0.331|SARIMA=0.323
Ninh Sơn District,2026,7,July,2026-07-01,0.682417,0.474858,0.759387,0.638544,-0.110129,1.387216,Moderately Wet,Ridge=0.345|LightGBM=0.331|SARIMA=0.323
Ninh Sơn District,2026,8,August,2026-08-01,0.539277,0.477508,0.639236,0.551145,-0.20783,1.31012,Moderately Wet,Ridge=0.345|LightGBM=0.331|SARIMA=0.323
Ninh Sơn District,2026,9,September,2026-09-01,0.616143,0.83698,0.593689,0.68205,-0.087228,1.451328,Moderately Wet,Ridge=0.345|LightGBM=0.331|SARIMA=0.323
Ninh Sơn District,2026,10,October,2026-10-01,0.744909,0.843163,0.598401,0.730072,-0.049509,1.509653,Moderately Wet,Ridge=0.345|LightGBM=0.331|SARIMA=0.323
Ninh Sơn District,2026,11,November,2026-11-01,0.761789,0.896778,0.563473,0.742365,-0.047519,1.532249,Moderately Wet,Ridge=0.345|LightGBM=0.331|SARIMA=0.323
Ninh Sơn District,2026,12,December,2026-12-01,0.679494,0.675402,0.481263,0.614016,-0.186171,1.414203,Moderately Wet,Ridge=0.345|LightGBM=0.331|SARIMA=0.323
Ninh Sơn District,2027,1,January,2027-01-01,0.586426,0.504007,0.422772,0.50618,-0.304309,1.31667,Moderately Wet,Ridge=0.345|LightGBM=0.331|SARIMA=0.323
Ninh Sơn District,2027,2,February,2027-02-01,0.483171,0.585945,0.369667,0.480508,-0.340285,1.3013,Near Normal,Ridge=0.345|LightGBM=0.331|SARIMA=0.323
Ninh Sơn District,2027,3,March,2027-03-01,0.537566,0.631654,0.327311,0.500729,-0.330367,1.331824,Moderately Wet,Ridge=0.345|LightGBM=0.331|SARIMA=0.323
Ninh Sơn District,2027,4,April,2027-04-01,0.571809,0.863368,0.289619,0.57713,-0.264268,1.418528,Moderately Wet,Ridge=0.345|LightGBM=0.331|SARIMA=0.323
Ninh Sơn District,2027,5,May,2027-05-01,0.653231,0.665062,0.255511,0.528499,-0.323201,1.3802,Moderately Wet,Ridge=0.345|LightGBM=0.331|SARIMA=0.323
Ninh Sơn District,2027,6,June,2027-06-01,0.558086,0.62185,0.223992,0.471143,-0.390861,1.333146,Near Normal,Ridge=0.345|LightGBM=0.331|SARIMA=0.323
Ninh Sơn District,2027,7,July,2027-07-01,0.45501,0.602611,0.198474,0.420932,-0.451374,1.293239,Near Normal,Ridge=0.345|LightGBM=0.331|SARIMA=0.323
Ninh Sơn District,2027,8,August,2027-08-01,0.465308,0.630057,0.17781,0.426897,-0.455713,1.309506,Near Normal,Ridge=0.345|LightGBM=0.331|SARIMA=0.323
Ninh Sơn District,2027,9,September,2027-09-01,0.496124,0.552636,0.155816,0.404768,-0.488145,1.29768,Near Normal,Ridge=0.345|LightGBM=0.331|SARIMA=0.323
Ninh Sơn District,2027,10,October,2027-10-01,0.477065,0.573112,0.133601,0.397787,-0.505428,1.301002,Near Normal,Ridge=0.345|LightGBM=0.331|SARIMA=0.323
Ninh Sơn District,2027,11,November,2027-11-01,0.455388,0.431787,0.116299,0.337882,-0.575635,1.2514,Near Normal,Ridge=0.345|LightGBM=0.331|SARIMA=0.323
Ninh Sơn District,2027,12,December,2027-12-01,0.401346,0.435745,0.104085,0.316588,-0.607233,1.240408,Near Normal,Ridge=0.345|LightGBM=0.331|SARIMA=0.323
Ninh Sơn District,2028,1,January,2028-01-01,0.376706,0.313555,0.092399,0.263816,-0.670307,1.19794,Near Normal,Ridge=0.345|LightGBM=0.331|SARIMA=0.323
Ninh Sơn District,2028,2,February,2028-02-01,0.336943,0.50524,0.082127,0.310279,-0.634148,1.254705,Near Normal,Ridge=0.345|LightGBM=0.331|SARIMA=0.323
Ninh Sơn District,2028,3,March,2028-03-01,0.388217,0.538385,0.072745,0.335926,-0.618804,1.290655,Near Normal,Ridge=0.345|LightGBM=0.331|SARIMA=0.323
Ninh Sơn District,2028,4,April,2028-04-01,0.439277,0.546984,0.064447,0.353716,-0.611316,1.318748,Near Normal,Ridge=0.345|LightGBM=0.331|SARIMA=0.323
Ninh Sơn District,2028,5,May,2028-05-01,0.403122,0.314247,0.057141,0.261759,-0.713576,1.237094,Near Normal,Ridge=0.345|LightGBM=0.331|SARIMA=0.323
Ninh Sơn District,2028,6,June,2028-06-01,0.276678,0.352056,0.050749,0.228571,-0.757066,1.214209,Near Normal,Ridge=0.345|LightGBM=0.331|SARIMA=0.323
Ninh Sơn District,2028,7,July,2028-07-01,0.238867,0.591231,0.044943,0.292887,-0.703054,1.288827,Near Normal,Ridge=0.345|LightGBM=0.331|SARIMA=0.323
Ninh Sơn District,2028,8,August,2028-08-01,0.394872,0.504201,0.039683,0.316202,-0.690041,1.322445,Near Normal,Ridge=0.345|LightGBM=0.331|SARIMA=0.323
Ninh Sơn District,2028,9,September,2028-09-01,0.40495,0.508777,0.035248,0.319763,-0.696783,1.336309,Near Normal,Ridge=0.345|LightGBM=0.331|SARIMA=0.323
Ninh Sơn District,2028,10,October,2028-10-01,0.357838,0.210423,0.031486,0.203429,-0.82342,1.230278,Near Normal,Ridge=0.345|LightGBM=0.331|SARIMA=0.323
Ninh Sơn District,2028,11,November,2028-11-01,0.224099,0.14825,0.02801,0.135539,-0.901613,1.17269,Near Normal,Ridge=0.345|LightGBM=0.331|SARIMA=0.323
Ninh Sơn District,2028,12,December,2028-12-01,0.157066,0.233742,0.024743,0.139668,-0.907787,1.187123,Near Normal,Ridge=0.345|LightGBM=0.331|SARIMA=0.323
Ninh Sơn District,2029,1,January,2029-01-01,0.233379,0.346661,0.021902,0.202506,-0.855252,1.260263,Near Normal,Ridge=0.345|LightGBM=0.331|SARIMA=0.323
Ninh Sơn District,2029,2,February,2029-02-01,0.303226,0.270269,0.019381,0.20049,-0.86757,1.268551,Near Normal,Ridge=0.345|LightGBM=0.331|SARIMA=0.323
Ninh Sơn District,2029,3,March,2029-03-01,0.253558,0.278135,0.017165,0.185235,-0.893128,1.263598,Near Normal,Ridge=0.345|LightGBM=0.331|SARIMA=0.323
Ninh Sơn District,2029,4,April,2029-04-01,0.185988,0.154555,0.015202,0.120329,-0.968337,1.208995,Near Normal,Ridge=0.345|LightGBM=0.331|SARIMA=0.323
Ninh Sơn District,2029,5,May,2029-05-01,0.124553,0.206438,0.013461,0.115749,-0.98322,1.214717,Near Normal,Ridge=0.345|LightGBM=0.331|SARIMA=0.323
Ninh Sơn District,2029,6,June,2029-06-01,0.124197,0.144925,0.011913,0.094744,-1.014527,1.204016,Near Normal,Ridge=0.345|LightGBM=0.331|SARIMA=0.323
Ninh Sơn District,2029,7,July,2029-07-01,0.115847,0.008401,0.010552,0.046187,-1.073388,1.165761,Near Normal,Ridge=0.345|LightGBM=0.331|SARIMA=0.323
Ninh Sơn District,2029,8,August,2029-08-01,0.018174,0.021179,0.009353,0.016316,-1.113561,1.146194,Near Normal,Ridge=0.345|LightGBM=0.331|SARIMA=0.323
Ninh Sơn District,2029,9,September,2029-09-01,-0.009134,0.029196,0.008278,0.009198,-1.130982,1.149378,Near Normal,Ridge=0.345|LightGBM=0.331|SARIMA=0.323
Ninh Sơn District,2029,10,October,2029-10-01,0.003282,0.214307,0.007316,0.074506,-1.075977,1.224989,Near Normal,Ridge=0.345|LightGBM=0.331|SARIMA=0.323
Ninh Sơn District,2029,11,November,2029-11-01,0.10084,0.426224,0.006472,0.178124,-0.982662,1.33891,Near Normal,Ridge=0.345|LightGBM=0.331|SARIMA=0.323
Ninh Sơn District,2029,12,December,2029-12-01,0.249161,0.160001,0.005736,0.140878,-1.030211,1.311967,Near Normal,Ridge=0.345|LightGBM=0.331|SARIMA=0.323
Ninh Sơn District,2030,1,January,2030-01-01,0.148089,0.012722,0.005081,0.056979,-1.124413,1.23837,Near Normal,Ridge=0.345|LightGBM=0.331|SARIMA=0.323
Ninh Sơn District,2030,2,February,2030-02-01,0.004829,-0.071037,0.004501,-0.020414,-1.212108,1.17128,Near Normal,Ridge=0.345|LightGBM=0.331|SARIMA=0.323
Ninh Sơn District,2030,3,March,2030-03-01,-0.027451,-0.021782,0.003987,-0.015403,-1.217401,1.186594,Near Normal,Ridge=0.345|LightGBM=0.331|SARIMA=0.323
Ninh Sơn District,2030,4,April,2030-04-01,0.003282,0.252321,0.003531,0.085877,-1.126423,1.298177,Near Normal,Ridge=0.345|LightGBM=0.331|SARIMA=0.323
Ninh Sơn District,2030,5,May,2030-05-01,0.14348,0.646766,0.003128,0.264834,-0.957769,1.487436,Near Normal,Ridge=0.345|LightGBM=0.331|SARIMA=0.323
Ninh Sơn District,2030,6,June,2030-06-01,0.35658,0.215861,0.002771,0.195508,-1.037398,1.428413,Near Normal,Ridge=0.345|LightGBM=0.331|SARIMA=0.323
Ninh Sơn District,2030,7,July,2030-07-01,0.179165,0.413879,0.002454,0.199772,-1.043437,1.44298,Near Normal,Ridge=0.345|LightGBM=0.331|SARIMA=0.323
Ninh Sơn District,2030,8,August,2030-08-01,0.132734,0.144354,0.002173,0.094351,-1.15916,1.347862,Near Normal,Ridge=0.345|LightGBM=0.331|SARIMA=0.323
Ninh Sơn District,2030,9,September,2030-09-01,0.121398,0.114773,0.001925,0.080557,-1.183258,1.344371,Near Normal,Ridge=0.345|LightGBM=0.331|SARIMA=0.323
Ninh Sơn District,2030,10,October,2030-10-01,0.081632,-0.176622,0.001706,-0.029789,-1.303906,1.244328,Near Normal,Ridge=0.345|LightGBM=0.331|SARIMA=0.323
Ninh Sơn District,2030,11,November,2030-11-01,-0.008931,0.045358,0.001511,0.012434,-1.271985,1.296854,Near Normal,Ridge=0.345|LightGBM=0.331|SARIMA=0.323
Ninh Sơn District,2030,12,December,2030-12-01,0.015462,0.297427,0.001338,0.104317,-1.190406,1.39904,Near Normal,Ridge=0.345|LightGBM=0.331|SARIMA=0.323
Phan Rang-Tháp Chàm,2026,1,January,2026-01-01,1.204407,1.294394,1.381763,1.291592,0.60492,1.978264,Very Wet,Ridge=0.345|LightGBM=0.331|SARIMA=0.323
Phan Rang-Tháp Chàm,2026,2,February,2026-02-01,1.112415,0.833777,1.302616,1.081618,0.384647,1.77859,Very Wet,Ridge=0.345|LightGBM=0.331|SARIMA=0.323
Phan Rang-Tháp Chàm,2026,3,March,2026-03-01,1.052419,1.542726,1.155553,1.248234,0.540962,1.955506,Very Wet,Ridge=0.345|LightGBM=0.331|SARIMA=0.323
Phan Rang-Tháp Chàm,2026,4,April,2026-04-01,1.327279,1.318126,1.028246,1.227517,0.509945,1.945089,Very Wet,Ridge=0.345|LightGBM=0.331|SARIMA=0.323
Phan Rang-Tháp Chàm,2026,5,May,2026-05-01,1.323914,1.277971,0.927381,1.180424,0.452552,1.908296,Very Wet,Ridge=0.345|LightGBM=0.331|SARIMA=0.323
Phan Rang-Tháp Chàm,2026,6,June,2026-06-01,1.056046,0.649391,0.859547,0.857747,0.119575,1.595919,Moderately Wet,Ridge=0.345|LightGBM=0.331|SARIMA=0.323
Phan Rang-Tháp Chàm,2026,7,July,2026-07-01,0.735982,0.469324,0.760008,0.655402,-0.09307,1.403874,Moderately Wet,Ridge=0.345|LightGBM=0.331|SARIMA=0.323
Phan Rang-Tháp Chàm,2026,8,August,2026-08-01,0.538736,0.51087,0.639967,0.562249,-0.196524,1.321021,Moderately Wet,Ridge=0.345|LightGBM=0.331|SARIMA=0.323
Phan Rang-Tháp Chàm,2026,9,September,2026-09-01,0.621716,0.730961,0.594371,0.649067,-0.120005,1.418139,Moderately Wet,Ridge=0.345|LightGBM=0.331|SARIMA=0.323
Phan Rang-Tháp Chàm,2026,10,October,2026-10-01,0.706476,0.908873,0.598966,0.73876,-0.040613,1.518132,Moderately Wet,Ridge=0.345|LightGBM=0.331|SARIMA=0.323
Phan Rang-Tháp Chàm,2026,11,November,2026-11-01,0.778882,0.763197,0.563988,0.704173,-0.0855,1.493845,Moderately Wet,Ridge=0.345|LightGBM=0.331|SARIMA=0.323
Phan Rang-Tháp Chàm,2026,12,December,2026-12-01,0.649578,0.663523,0.481809,0.599929,-0.200043,1.399902,Moderately Wet,Ridge=0.345|LightGBM=0.331|SARIMA=0.323
Phan Rang-Tháp Chàm,2027,1,January,2027-01-01,0.546033,0.688986,0.42333,0.553707,-0.256566,1.363979,Moderately Wet,Ridge=0.345|LightGBM=0.331|SARIMA=0.323
Phan Rang-Tháp Chàm,2027,2,February,2027-02-01,0.572392,0.72548,0.370231,0.557721,-0.262852,1.378294,Moderately Wet,Ridge=0.345|LightGBM=0.331|SARIMA=0.323
Phan Rang-Tháp Chàm,2027,3,March,2027-03-01,0.629455,0.728902,0.327874,0.564851,-0.266021,1.395724,Moderately Wet,Ridge=0.345|LightGBM=0.331|SARIMA=0.323
Phan Rang-Tháp Chàm,2027,4,April,2027-04-01,0.626248,0.821071,0.29017,0.582087,-0.259086,1.42326,Moderately Wet,Ridge=0.345|LightGBM=0.331|SARIMA=0.323
Phan Rang-Tháp Chàm,2027,5,May,2027-05-01,0.631692,0.637032,0.256046,0.51195,-0.339523,1.363423,Moderately Wet,Ridge=0.345|LightGBM=0.331|SARIMA=0.323
Phan Rang-Tháp Chàm,2027,6,June,2027-06-01,0.536589,0.684741,0.224507,0.484726,-0.377047,1.346499,Near Normal,Ridge=0.345|LightGBM=0.331|SARIMA=0.323
Phan Rang-Tháp Chàm,2027,7,July,2027-07-01,0.507661,0.719174,0.198968,0.477888,-0.394185,1.349961,Near Normal,Ridge=0.345|LightGBM=0.331|SARIMA=0.323
Phan Rang-Tháp Chàm,2027,8,August,2027-08-01,0.555709,0.762967,0.178283,0.502293,-0.38008,1.384666,Moderately Wet,Ridge=0.345|LightGBM=0.331|SARIMA=0.323
Phan Rang-Tháp Chàm,2027,9,September,2027-09-01,0.585429,0.817586,0.156263,0.523526,-0.369147,1.4162,Moderately Wet,Ridge=0.345|LightGBM=0.331|SARIMA=0.323
Phan Rang-Tháp Chàm,2027,10,October,2027-10-01,0.622427,0.847457,0.134021,0.539,-0.363973,1.441974,Moderately Wet,Ridge=0.345|LightGBM=0.331|SARIMA=0.323
Phan Rang-Tháp Chàm,2027,11,November,2027-11-01,0.643557,0.735643,0.116693,0.503642,-0.409632,1.416915,Moderately Wet,Ridge=0.345|LightGBM=0.331|SARIMA=0.323
Phan Rang-Tháp Chàm,2027,12,December,2027-12-01,0.605264,0.717683,0.104456,0.480514,-0.44306,1.404087,Near Normal,Ridge=0.345|LightGBM=0.331|SARIMA=0.323
Phan Rang-Tháp Chàm,2028,1,January,2028-01-01,0.586942,0.688138,0.092745,0.460612,-0.473262,1.394485,Near Normal,Ridge=0.345|LightGBM=0.331|SARIMA=0.323
Phan Rang-Tháp Chàm,2028,2,February,2028-02-01,0.593129,0.76947,0.08245,0.486365,-0.457809,1.430539,Near Normal,Ridge=0.345|LightGBM=0.331|SARIMA=0.323
Phan Rang-Tháp Chàm,2028,3,March,2028-03-01,0.627608,0.71433,0.073045,0.476955,-0.477518,1.431429,Near Normal,Ridge=0.345|LightGBM=0.331|SARIMA=0.323
Phan Rang-Tháp Chàm,2028,4,April,2028-04-01,0.608343,0.817181,0.064724,0.501691,-0.463083,1.466465,Moderately Wet,Ridge=0.345|LightGBM=0.331|SARIMA=0.323
Phan Rang-Tháp Chàm,2028,5,May,2028-05-01,0.614724,0.637032,0.057397,0.441835,-0.533239,1.416909,Near Normal,Ridge=0.345|LightGBM=0.331|SARIMA=0.323
Phan Rang-Tháp Chàm,2028,6,June,2028-06-01,0.543333,0.684741,0.050986,0.430925,-0.554449,1.416299,Near Normal,Ridge=0.345|LightGBM=0.331|SARIMA=0.323
Phan Rang-Tháp Chàm,2028,7,July,2028-07-01,0.512549,0.737569,0.045161,0.435918,-0.559756,1.431592,Near Normal,Ridge=0.345|LightGBM=0.331|SARIMA=0.323
Phan Rang-Tháp Chàm,2028,8,August,2028-08-01,0.565406,0.79119,0.039883,0.470223,-0.535751,1.476197,Near Normal,Ridge=0.345|LightGBM=0.331|SARIMA=0.323
Phan Rang-Tháp Chàm,2028,9,September,2028-09-01,0.599346,0.817976,0.035433,0.489374,-0.5269,1.505648,Near Normal,Ridge=0.345|LightGBM=0.331|SARIMA=0.323
Phan Rang-Tháp Chàm,2028,10,October,2028-10-01,0.625523,0.771298,0.031656,0.481723,-0.544851,1.508297,Near Normal,Ridge=0.345|LightGBM=0.331|SARIMA=0.323
Phan Rang-Tháp Chàm,2028,11,November,2028-11-01,0.603009,0.73846,0.028166,0.461942,-0.574932,1.498816,Near Normal,Ridge=0.345|LightGBM=0.331|SARIMA=0.323
Phan Rang-Tháp Chàm,2028,12,December,2028-12-01,0.59122,0.718106,0.024886,0.450067,-0.597107,1.497242,Near Normal,Ridge=0.345|LightGBM=0.331|SARIMA=0.323
Phan Rang-Tháp Chàm,2029,1,January,2029-01-01,0.596037,0.680167,0.022032,0.438237,-0.619238,1.495711,Near Normal,Ridge=0.345|LightGBM=0.331|SARIMA=0.323
Phan Rang-Tháp Chàm,2029,2,February,2029-02-01,0.588126,0.776825,0.0195,0.466712,-0.601062,1.534487,Near Normal,Ridge=0.345|LightGBM=0.331|SARIMA=0.323
Phan Rang-Tháp Chàm,2029,3,March,2029-03-01,0.623831,0.724922,0.017274,0.46112,-0.616954,1.539195,Near Normal,Ridge=0.345|LightGBM=0.331|SARIMA=0.323
Phan Rang-Tháp Chàm,2029,4,April,2029-04-01,0.608394,0.817181,0.015301,0.485722,-0.602653,1.574097,Near Normal,Ridge=0.345|LightGBM=0.331|SARIMA=0.323
Phan Rang-Tháp Chàm,2029,5,May,2029-05-01,0.614415,0.646654,0.013551,0.430733,-0.667941,1.529408,Near Normal,Ridge=0.345|LightGBM=0.331|SARIMA=0.323
Phan Rang-Tháp Chàm,2029,6,June,2029-06-01,0.546714,0.684741,0.011995,0.419479,-0.689496,1.528454,Near Normal,Ridge=0.345|LightGBM=0.331|SARIMA=0.323
Phan Rang-Tháp Chàm,2029,7,July,2029-07-01,0.515055,0.737569,0.010627,0.425612,-0.693663,1.544887,Near Normal,Ridge=0.345|LightGBM=0.331|SARIMA=0.323
Phan Rang-Tháp Chàm,2029,8,August,2029-08-01,0.56501,0.79119,0.009421,0.460232,-0.669343,1.589807,Near Normal,Ridge=0.345|LightGBM=0.331|SARIMA=0.323
Phan Rang-Tháp Chàm,2029,9,September,2029-09-01,0.599944,0.817976,0.00834,0.480817,-0.659059,1.620692,Near Normal,Ridge=0.345|LightGBM=0.331|SARIMA=0.323
Phan Rang-Tháp Chàm,2029,10,October,2029-10-01,0.625946,0.771298,0.007371,0.474013,-0.676162,1.624188,Near Normal,Ridge=0.345|LightGBM=0.331|SARIMA=0.323
Phan Rang-Tháp Chàm,2029,11,November,2029-11-01,0.603811,0.73846,0.006522,0.455218,-0.705258,1.615693,Near Normal,Ridge=0.345|LightGBM=0.331|SARIMA=0.323
Phan Rang-Tháp Chàm,2029,12,December,2029-12-01,0.591421,0.718106,0.005782,0.443957,-0.726818,1.614733,Near Normal,Ridge=0.345|LightGBM=0.331|SARIMA=0.323
Phan Rang-Tháp Chàm,2030,1,January,2030-01-01,0.596152,0.680167,0.005123,0.432807,-0.748268,1.613882,Near Normal,Ridge=0.345|LightGBM=0.331|SARIMA=0.323
Phan Rang-Tháp Chàm,2030,2,February,2030-02-01,0.588117,0.776825,0.004539,0.46187,-0.729505,1.653246,Near Normal,Ridge=0.345|LightGBM=0.331|SARIMA=0.323
Phan Rang-Tháp Chàm,2030,3,March,2030-03-01,0.623935,0.724922,0.004021,0.45687,-0.744806,1.658545,Near Normal,Ridge=0.345|LightGBM=0.331|SARIMA=0.323
Phan Rang-Tháp Chàm,2030,4,April,2030-04-01,0.608463,0.817181,0.003562,0.481948,-0.730027,1.693924,Near Normal,Ridge=0.345|LightGBM=0.331|SARIMA=0.323
Phan Rang-Tháp Chàm,2030,5,May,2030-05-01,0.614473,0.646654,0.003156,0.427391,-0.794885,1.649667,Near Normal,Ridge=0.345|LightGBM=0.331|SARIMA=0.323
Phan Rang-Tháp Chàm,2030,6,June,2030-06-01,0.546719,0.684741,0.002796,0.416505,-0.81607,1.649081,Near Normal,Ridge=0.345|LightGBM=0.331|SARIMA=0.323
Phan Rang-Tháp Chàm,2030,7,July,2030-07-01,0.515064,0.737569,0.002477,0.422979,-0.819897,1.665854,Near Normal,Ridge=0.345|LightGBM=0.331|SARIMA=0.323
Phan Rang-Tháp Chàm,2030,8,August,2030-08-01,0.565018,0.79119,0.002194,0.457897,-0.795279,1.711073,Near Normal,Ridge=0.345|LightGBM=0.331|SARIMA=0.323
Phan Rang-Tháp Chàm,2030,9,September,2030-09-01,0.599957,0.817976,0.001944,0.478752,-0.784724,1.742228,Near Normal,Ridge=0.345|LightGBM=0.331|SARIMA=0.323
Phan Rang-Tháp Chàm,2030,10,October,2030-10-01,0.625952,0.771298,0.001723,0.472188,-0.801588,1.745964,Near Normal,Ridge=0.345|LightGBM=0.331|SARIMA=0.323
Phan Rang-Tháp Chàm,2030,11,November,2030-11-01,0.603814,0.73846,0.001527,0.453603,-0.830474,1.737679,Near Normal,Ridge=0.345|LightGBM=0.331|SARIMA=0.323
Phan Rang-Tháp Chàm,2030,12,December,2030-12-01,0.591422,0.718106,0.001352,0.442524,-0.851852,1.736901,Near Normal,Ridge=0.345|LightGBM=0.331|SARIMA=0.323
Thuận Bắc District,2026,1,January,2026-01-01,1.235233,0.947589,1.326028,1.171207,0.456869,1.885546,Very Wet,Ridge=0.341|LightGBM=0.327|SARIMA=0.332
Thuận Bắc District,2026,2,February,2026-02-01,0.930145,0.704574,1.287682,0.974859,0.249805,1.699912,Moderately Wet,Ridge=0.341|LightGBM=0.327|SARIMA=0.332
Thuận Bắc District,2026,3,March,2026-03-01,0.907863,1.015646,1.165573,1.028566,0.292797,1.764334,Very Wet,Ridge=0.341|LightGBM=0.327|SARIMA=0.332
Thuận Bắc District,2026,4,April,2026-04-01,1.006713,1.5427,1.037554,1.192326,0.445842,1.93881,Very Wet,Ridge=0.341|LightGBM=0.327|SARIMA=0.332
Thuận Bắc District,2026,5,May,2026-05-01,1.270466,1.373127,0.960518,1.201309,0.44411,1.958508,Very Wet,Ridge=0.341|LightGBM=0.327|SARIMA=0.332
Thuận Bắc District,2026,6,June,2026-06-01,1.15745,1.150225,0.898206,1.069144,0.30123,1.837058,Very Wet,Ridge=0.341|LightGBM=0.327|SARIMA=0.332
Thuận Bắc District,2026,7,July,2026-07-01,0.90568,1.092147,0.802246,0.932408,0.153778,1.711037,Moderately Wet,Ridge=0.341|LightGBM=0.327|SARIMA=0.332
Thuận Bắc District,2026,8,August,2026-08-01,0.850472,0.830432,0.688656,0.790271,0.000926,1.579615,Moderately Wet,Ridge=0.341|LightGBM=0.327|SARIMA=0.332
Thuận Bắc District,2026,9,September,2026-09-01,0.785343,1.213272,0.649612,0.880377,0.080318,1.680436,Moderately Wet,Ridge=0.341|LightGBM=0.327|SARIMA=0.332
Thuận Bắc District,2026,10,October,2026-10-01,0.939862,1.46972,0.630104,1.010558,0.199784,1.821333,Very Wet,Ridge=0.341|LightGBM=0.327|SARIMA=0.332
Thuận Bắc District,2026,11,November,2026-11-01,1.155713,1.405507,0.603552,1.054406,0.232916,1.875895,Very Wet,Ridge=0.341|LightGBM=0.327|SARIMA=0.332
Thuận Bắc District,2026,12,December,2026-12-01,1.122242,1.21017,0.511484,0.948543,0.116338,1.780747,Moderately Wet,Ridge=0.341|LightGBM=0.327|SARIMA=0.332
Thuận Bắc District,2027,1,January,2027-01-01,0.971828,1.118787,0.453673,0.848144,0.005224,1.691064,Moderately Wet,Ridge=0.341|LightGBM=0.327|SARIMA=0.332
Thuận Bắc District,2027,2,February,2027-02-01,0.904758,0.599462,0.41392,0.642139,-0.211495,1.495774,Moderately Wet,Ridge=0.341|LightGBM=0.327|SARIMA=0.332
Thuận Bắc District,2027,3,March,2027-03-01,0.706032,0.816355,0.370307,0.630837,-0.233513,1.495187,Moderately Wet,Ridge=0.341|LightGBM=0.327|SARIMA=0.332
Thuận Bắc District,2027,4,April,2027-04-01,0.717808,0.858565,0.329673,0.635198,-0.239867,1.510262,Moderately Wet,Ridge=0.341|LightGBM=0.327|SARIMA=0.332
Thuận Bắc District,2027,5,May,2027-05-01,0.771065,0.720599,0.296949,0.597377,-0.288403,1.483157,Moderately Wet,Ridge=0.341|LightGBM=0.327|SARIMA=0.332
Thuận Bắc District,2027,6,June,2027-06-01,0.632631,0.606465,0.2684,0.503323,-0.393172,1.399818,Moderately Wet,Ridge=0.341|LightGBM=0.327|SARIMA=0.332
Thuận Bắc District,2027,7,July,2027-07-01,0.506155,0.460384,0.2392,0.40268,-0.504531,1.30989,Near Normal,Ridge=0.341|LightGBM=0.327|SARIMA=0.332
Thuận Bắc District,2027,8,August,2027-08-01,0.407438,0.266575,0.210572,0.296081,-0.621844,1.214006,Near Normal,Ridge=0.341|LightGBM=0.327|SARIMA=0.332
Thuận Bắc District,2027,9,September,2027-09-01,0.307637,0.336139,0.190885,0.278259,-0.650381,1.2069,Near Normal,Ridge=0.341|LightGBM=0.327|SARIMA=0.332
Thuận Bắc District,2027,10,October,2027-10-01,0.300229,0.32436,0.174783,0.266539,-0.672816,1.205894,Near Normal,Ridge=0.341|LightGBM=0.327|SARIMA=0.332
Thuận Bắc District,2027,11,November,2027-11-01,0.290464,0.256391,0.159589,0.235928,-0.714142,1.185999,Near Normal,Ridge=0.341|LightGBM=0.327|SARIMA=0.332
Thuận Bắc District,2027,12,December,2027-12-01,0.218812,0.224852,0.139667,0.194551,-0.766234,1.155337,Near Normal,Ridge=0.341|LightGBM=0.327|SARIMA=0.332
Thuận Bắc District,2028,1,January,2028-01-01,0.171573,0.202217,0.124188,0.165892,-0.805609,1.137393,Near Normal,Ridge=0.341|LightGBM=0.327|SARIMA=0.332
Thuận Bắc District,2028,2,February,2028-02-01,0.148831,0.292152,0.111502,0.183355,-0.798861,1.16557,Near Normal,Ridge=0.341|LightGBM=0.327|SARIMA=0.332
Thuận Bắc District,2028,3,March,2028-03-01,0.180857,0.154804,0.099439,0.145341,-0.84759,1.138272,Near Normal,Ridge=0.341|LightGBM=0.327|SARIMA=0.332
Thuận Bắc District,2028,4,April,2028-04-01,0.119946,0.316053,0.08853,0.173703,-0.829943,1.177349,Near Normal,Ridge=0.341|LightGBM=0.327|SARIMA=0.332
Thuận Bắc District,2028,5,May,2028-05-01,0.140343,0.162601,0.079141,0.127338,-0.887023,1.141698,Near Normal,Ridge=0.341|LightGBM=0.327|SARIMA=0.332
Thuận Bắc District,2028,6,June,2028-06-01,0.097124,0.261369,0.070836,0.142155,-0.882921,1.167231,Near Normal,Ridge=0.341|LightGBM=0.327|SARIMA=0.332
Thuận Bắc District,2028,7,July,2028-07-01,0.091212,0.211129,0.063089,0.121129,-0.914662,1.15692,Near Normal,Ridge=0.341|LightGBM=0.327|SARIMA=0.332
Thuận Bắc District,2028,8,August,2028-08-01,0.096402,-0.080534,0.055946,0.025092,-1.021414,1.071598,Near Normal,Ridge=0.341|LightGBM=0.327|SARIMA=0.332
Thuận Bắc District,2028,9,September,2028-09-01,-0.053168,-0.206839,0.050128,-0.06921,-1.126431,0.988011,Near Normal,Ridge=0.341|LightGBM=0.327|SARIMA=0.332
Thuận Bắc District,2028,10,October,2028-10-01,-0.15219,-0.40341,0.045081,-0.168999,-1.236935,0.898937,Near Normal,Ridge=0.341|LightGBM=0.327|SARIMA=0.332
Thuận Bắc District,2028,11,November,2028-11-01,-0.244175,-0.238918,0.040508,-0.14808,-1.226731,0.930572,Near Normal,Ridge=0.341|LightGBM=0.327|SARIMA=0.332
Thuận Bắc District,2028,12,December,2028-12-01,-0.206586,-0.016718,0.035839,-0.06409,-1.153456,1.025277,Near Normal,Ridge=0.341|LightGBM=0.327|SARIMA=0.332
Thuận Bắc District,2029,1,January,2029-01-01,-0.073754,0.244457,0.031893,0.065396,-1.034685,1.165478,Near Normal,Ridge=0.341|LightGBM=0.327|SARIMA=0.332
Thuận Bắc District,2029,2,February,2029-02-01,0.067009,0.03665,0.028482,0.044303,-1.066494,1.155099,Near Normal,Ridge=0.341|LightGBM=0.327|SARIMA=0.332
Thuận Bắc District,2029,3,March,2029-03-01,-0.018041,-0.044735,0.025374,-0.012384,-1.133895,1.109128,Near Normal,Ridge=0.341|LightGBM=0.327|SARIMA=0.332
Thuận Bắc District,2029,4,April,2029-04-01,-0.139384,-0.253511,0.022591,-0.123033,-1.25526,1.009194,Near Normal,Ridge=0.341|LightGBM=0.327|SARIMA=0.332
Thuận Bắc District,2029,5,May,2029-05-01,-0.219313,-0.236826,0.020143,-0.145662,-1.288604,0.99728,Near Normal,Ridge=0.341|LightGBM=0.327|SARIMA=0.332
Thuận Bắc District,2029,6,June,2029-06-01,-0.230241,-0.023822,0.017969,-0.080411,-1.234068,1.073246,Near Normal,Ridge=0.341|LightGBM=0.327|SARIMA=0.332
Thuận Bắc District,2029,7,July,2029-07-01,-0.114646,0.103089,0.016,-8.7e-05,-1.164459,1.164285,Near Normal,Ridge=0.341|LightGBM=0.327|SARIMA=0.332
Thuận Bắc District,2029,8,August,2029-08-01,-0.031576,-0.170747,0.014224,-0.061933,-1.237021,1.113154,Near Normal,Ridge=0.341|LightGBM=0.327|SARIMA=0.332
Thuận Bắc District,2029,9,September,2029-09-01,-0.176757,-0.526785,0.012694,-0.228491,-1.414293,0.957311,Near Normal,Ridge=0.341|LightGBM=0.327|SARIMA=0.332
Thuận Bắc District,2029,10,October,2029-10-01,-0.404948,-0.311861,0.011344,-0.236483,-1.433,0.960034,Near Normal,Ridge=0.341|LightGBM=0.327|SARIMA=0.332
Thuận Bắc District,2029,11,November,2029-11-01,-0.332791,-0.45775,0.010134,-0.259998,-1.467231,0.947234,Near Normal,Ridge=0.341|LightGBM=0.327|SARIMA=0.332
Thuận Bắc District,2029,12,December,2029-12-01,-0.322396,0.164757,0.009001,-0.053125,-1.271072,1.164823,Near Normal,Ridge=0.341|LightGBM=0.327|SARIMA=0.332
Thuận Bắc District,2030,1,January,2030-01-01,-0.065014,-0.266332,0.008013,-0.106682,-1.335344,1.121981,Near Normal,Ridge=0.341|LightGBM=0.327|SARIMA=0.332
Thuận Bắc District,2030,2,February,2030-02-01,-0.153378,-0.247938,0.007142,-0.131107,-1.370485,1.108271,Near Normal,Ridge=0.341|LightGBM=0.327|SARIMA=0.332
Thuận Bắc District,2030,3,March,2030-03-01,-0.32232,-0.163657,0.00636,-0.161441,-1.411533,1.088652,Near Normal,Ridge=0.341|LightGBM=0.327|SARIMA=0.332
Thuận Bắc District,2030,4,April,2030-04-01,-0.250585,-0.005549,0.005662,-0.085454,-1.346262,1.175353,Near Normal,Ridge=0.341|LightGBM=0.327|SARIMA=0.332
Thuận Bắc District,2030,5,May,2030-05-01,-0.147801,0.122537,0.005044,-0.008669,-1.280192,1.262854,Near Normal,Ridge=0.341|LightGBM=0.327|SARIMA=0.332
Thuận Bắc District,2030,6,June,2030-06-01,-0.031082,-0.035487,0.004494,-0.02073,-1.302968,1.261508,Near Normal,Ridge=0.341|LightGBM=0.327|SARIMA=0.332
Thuận Bắc District,2030,7,July,2030-07-01,-0.120043,-0.299632,0.004001,-0.137688,-1.430641,1.155265,Near Normal,Ridge=0.341|LightGBM=0.327|SARIMA=0.332
Thuận Bắc District,2030,8,August,2030-08-01,-0.2882,-0.273166,0.003561,-0.186559,-1.490227,1.117109,Near Normal,Ridge=0.341|LightGBM=0.327|SARIMA=0.332
Thuận Bắc District,2030,9,September,2030-09-01,-0.302087,-0.412885,0.003173,-0.237147,-1.55153,1.077236,Near Normal,Ridge=0.341|LightGBM=0.327|SARIMA=0.332
Thuận Bắc District,2030,10,October,2030-10-01,-0.319492,-0.002928,0.002829,-0.109051,-1.434149,1.216047,Near Normal,Ridge=0.341|LightGBM=0.327|SARIMA=0.332
Thuận Bắc District,2030,11,November,2030-11-01,-0.148437,-0.066884,0.002522,-0.071706,-1.40752,1.264107,Near Normal,Ridge=0.341|LightGBM=0.327|SARIMA=0.332
Thuận Bắc District,2030,12,December,2030-12-01,-0.090301,-0.396053,0.002243,-0.159672,-1.506201,1.186856,Near Normal,Ridge=0.341|LightGBM=0.327|SARIMA=0.332
